Year,Date,Audience,Result,Score,Opponent,Pitcher,GameTime,Venue,FormattedDate,Weekday,yyyy/mm/dd,Total_Precipitation (mm),Average_Temperature (℃),Average_CloudCover (%)
2015,3月27日(金),38500,●,1 - 3,ロッテ,攝津,3:17,ヤフオクドーム,2015-03-27,Friday,2015-03-27,0.0,12.2,5.8
2015,3月28日(土),37397,○,4 - 2,ロッテ,スタンリッジ,2:37,ヤフオクドーム,2015-03-28,Saturday,2015-03-28,0.0,16.1,7.3
2015,3月29日(日),38118,●,4 - 5,ロッテ,中田,3:21,ヤフオクドーム,2015-03-29,Sunday,2015-03-29,0.0,16.1,8.3
2015,3月31日(火),30268,○,7 - 0,オリックス,大隣,2:31,ヤフオクドーム,2015-03-31,Tuesday,2015-03-31,0.0,17.1,8.5
2015,4月1日(水),31198,●,7 - 10,オリックス,武田,3:36,ヤフオクドーム,2015-04-01,Wednesday,2015-04-01,3.5,16.1,10.0
2015,4月2日(木),32029,○,5 - 4,オリックス,東浜,3:58,ヤフオクドーム,2015-04-02,Thursday,2015-04-02,0.0,19.4,6.8
2015,4月11日(土),19079,○,4 - 2,日本ハム,攝津,3:00,鹿児島,2015-04-11,Saturday,2015-04-11,0.0,14.4,6.8
2015,4月12日(日),15088,●,0 - 1,日本ハム,スタンリッジ,2:59,熊本,2015-04-12,Sunday,2015-04-12,10.0,15.2,9.0
2015,4月21日(火),31324,○,7 - 1,楽天,大隣,3:21,ヤフオクドーム,2015-04-21,Tuesday,2015-04-21,0.0,14.4,4.5
2015,4月22日(水),31274,○,2 - 1,楽天,武田,2:49,ヤフオクドーム,2015-04-22,Wednesday,2015-04-22,0.0,16.3,3.3
2015,4月24日(金),34507,△,3 - 3,西武,中田,4:02,ヤフオクドーム,2015-04-24,Friday,2015-04-24,0.0,17.2,9.5
2015,4月25日(土),32587,●,2 - 4,西武,攝津,3:23,ヤフオクドーム,2015-04-25,Saturday,2015-04-25,0.0,17.0,0.8
2015,4月26日(日),38500,●,7 - 9,西武,スタンリッジ,3:34,ヤフオクドーム,2015-04-26,Sunday,2015-04-26,0.0,19.2,0.0
2015,5月4日(月),34431,○,5 - 4,ロッテ,大隣,2:52,ヤフオクドーム,2015-05-04,Monday,2015-05-04,1.0,20.4,8.0
2015,5月5日(火),36009,○,4 - 3,ロッテ,寺原,3:36,ヤフオクドーム,2015-05-05,Tuesday,2015-05-05,0.0,18.7,3.3
2015,5月6日(水),34203,●,4 - 7,ロッテ,武田,3:25,ヤフオクドーム,2015-05-06,Wednesday,2015-05-06,0.0,17.5,9.5
2015,5月8日(金),28086,○,5 - 3,楽天,中田,3:15,ヤフオクドーム,2015-05-08,Friday,2015-05-08,0.0,19.5,3.3
2015,5月9日(土),38500,●,2 - 3,楽天,攝津,4:33,ヤフオクドーム,2015-05-09,Saturday,2015-05-09,4.0,18.8,5.8
2015,5月10日(日),31147,○,10 - 1,楽天,スタンリッジ,3:22,ヤフオクドーム,2015-05-10,Sunday,2015-05-10,0.0,19.1,6.3
2015,5月15日(金),31219,△,3 - 3,西武,武田,3:43,ヤフオクドーム,2015-05-15,Friday,2015-05-15,2.5,22.9,10.0
2015,5月16日(土),34088,○,12 - 4,西武,攝津,3:15,ヤフオクドーム,2015-05-16,Saturday,2015-05-16,24.0,17.9,10.0
2015,5月17日(日),35388,○,4 - 1,西武,スタンリッジ,2:55,ヤフオクドーム,2015-05-17,Sunday,2015-05-17,0.0,19.5,8.5
2015,5月19日(火),17855,●,5 - 8,オリックス,大隣,3:44,北九州,2015-05-19,Tuesday,2015-05-19,0.0,20.3,5.8
2015,5月20日(水),30638,○,3 - 2,オリックス,中田,3:32,ヤフオクドーム,2015-05-20,Wednesday,2015-05-20,0.0,19.6,1.3
2015,5月21日(木),31622,○,10 - 6,オリックス,武田,3:16,ヤフオクドーム,2015-05-21,Thursday,2015-05-21,0.0,19.0,2.5
2015,5月29日(金),35632,○,7 - 4,ヤクルト,攝津,3:16,ヤフオクドーム,2015-05-29,Friday,2015-05-29,0.0,23.9,5.0
2015,5月30日(土),36432,●,3 - 5,ヤクルト,スタンリッジ,3:31,ヤフオクドーム,2015-05-30,Saturday,2015-05-30,4.5,21.6,10.0
2015,5月31日(日),37000,○,5 - 2,ヤクルト,寺原,3:17,ヤフオクドーム,2015-05-31,Sunday,2015-05-31,0.0,21.6,5.8
2015,6月9日(火),34453,○,5 - 0,阪神,大隣,3:31,ヤフオクドーム,2015-06-09,Tuesday,2015-06-09,3.0,21.1,9.8
2015,6月10日(水),35002,●,4 - 5,阪神,中田,3:15,ヤフオクドーム,2015-06-10,Wednesday,2015-06-10,1.0,22.4,9.8
2015,6月11日(木),32891,○,5 - 3,阪神,武田,4:25,ヤフオクドーム,2015-06-11,Thursday,2015-06-11,21.0,23.8,10.0
2015,6月12日(金),38500,●,0 - 6,広島,攝津,2:57,ヤフオクドーム,2015-06-12,Friday,2015-06-12,0.0,25.5,5.5
2015,6月13日(土),38500,●,3 - 9,広島,スタンリッジ,3:51,ヤフオクドーム,2015-06-13,Saturday,2015-06-13,0.0,24.2,10.0
2015,6月14日(日),38500,○,7 - 2,広島,バンデンハーク,3:02,ヤフオクドーム,2015-06-14,Sunday,2015-06-14,0.0,23.9,10.0
2015,6月19日(金),38500,○,4 - 3,日本ハム,中田,3:59,ヤフオクドーム,2015-06-19,Friday,2015-06-19,5.0,21.6,10.0
2015,6月20日(土),38500,○,11 - 1,日本ハム,寺原,3:21,ヤフオクドーム,2015-06-20,Saturday,2015-06-20,1.0,22.2,9.5
2015,6月21日(日),38500,○,4 - 2,日本ハム,バンデンハーク,3:31,ヤフオクドーム,2015-06-21,Sunday,2015-06-21,0.0,22.8,6.3
2015,6月29日(月),46735,○,3 - 1,西武,武田,3:20,東京ドーム,2015-06-29,Monday,2015-06-29,0.0,23.5,7.5
2015,7月1日(水),38500,●,3 - 10,西武,スタンリッジ,3:01,ヤフオクドーム,2015-07-01,Wednesday,2015-07-01,51.5,22.7,10.0
2015,7月2日(木),38500,○,4 - 3,西武,バンデンハーク,3:19,ヤフオクドーム,2015-07-02,Thursday,2015-07-02,0.0,22.8,8.8
2015,7月7日(火),38500,●,3 - 4,楽天,武田,3:21,ヤフオクドーム,2015-07-07,Tuesday,2015-07-07,37.0,23.2,10.0
2015,7月9日(木),35714,○,4 - 1,楽天,バンデンハーク,3:15,京セラD大阪,2015-07-09,Thursday,2015-07-09,0.0,25.9,4.5
2015,7月20日(月),0,-,中止,ロッテ,,,北九州,2015-07-20,Monday,2015-07-20,2.5,27.4,7.3
2015,7月21日(火),38500,○,3 - 0,ロッテ,攝津,2:55,ヤフオクドーム,2015-07-21,Tuesday,2015-07-21,9.5,26.2,9.8
2015,7月22日(水),38500,○,4 - 1,ロッテ,スタンリッジ,2:46,ヤフオクドーム,2015-07-22,Wednesday,2015-07-22,46.5,25.4,10.0
2015,7月24日(金),38500,○,2 - 1,オリックス,バンデンハーク,2:38,ヤフオクドーム,2015-07-24,Friday,2015-07-24,0.0,29.8,8.3
2015,7月25日(土),38500,○,2 - 0,オリックス,武田,3:18,ヤフオクドーム,2015-07-25,Saturday,2015-07-25,0.0,29.1,0.3
2015,7月26日(日),38500,●,1 - 5,オリックス,寺原,3:59,ヤフオクドーム,2015-07-26,Sunday,2015-07-26,1.5,28.8,4.8
2015,8月4日(火),38500,○,7 - 2,日本ハム,中田,3:07,ヤフオクドーム,2015-08-04,Tuesday,2015-08-04,0.0,29.4,2.8
2015,8月5日(水),36745,○,4 - 3,日本ハム,スタンリッジ,4:14,ヤフオクドーム,2015-08-05,Wednesday,2015-08-05,0.0,29.9,0.0
2015,8月6日(木),36460,○,7 - 1,日本ハム,攝津,3:22,ヤフオクドーム,2015-08-06,Thursday,2015-08-06,0.0,31.2,2.3
2015,8月11日(火),38500,○,7 - 6,オリックス,スタンリッジ,3:38,ヤフオクドーム,2015-08-11,Tuesday,2015-08-11,0.0,29.6,9.5
2015,8月12日(水),38396,●,2 - 3,オリックス,中田,3:36,ヤフオクドーム,2015-08-12,Wednesday,2015-08-12,43.5,26.1,10.0
2015,8月13日(木),36350,○,12 - 5,オリックス,攝津,3:21,ヤフオクドーム,2015-08-13,Thursday,2015-08-13,3.0,26.3,9.3
2015,8月14日(金),36078,○,8 - 2,西武,バンデンハーク,3:32,ヤフオクドーム,2015-08-14,Friday,2015-08-14,0.0,27.1,7.8
2015,8月15日(土),35556,○,6 - 5,西武,武田,3:41,ヤフオクドーム,2015-08-15,Saturday,2015-08-15,0.0,27.5,2.5
2015,8月16日(日),37407,●,4 - 6,西武,寺原,3:57,ヤフオクドーム,2015-08-16,Sunday,2015-08-16,64.5,27.3,10.0
2015,8月25日(火),33388,○,7 - 4,ロッテ,寺原,2:47,ヤフオクドーム,2015-08-25,Tuesday,2015-08-25,75.5,23.6,10.0
2015,8月26日(水),36947,○,3 - 0,ロッテ,バンデンハーク,2:58,ヤフオクドーム,2015-08-26,Wednesday,2015-08-26,1.0,24.3,8.3
2015,8月28日(金),38500,●,1 - 11,日本ハム,中田,4:01,ヤフオクドーム,2015-08-28,Friday,2015-08-28,11.0,25.5,10.0
2015,8月29日(土),38500,○,5 - 4,日本ハム,武田,3:35,ヤフオクドーム,2015-08-29,Saturday,2015-08-29,2.5,24.4,10.0
2015,8月30日(日),38500,△,2 - 2,日本ハム,スタンリッジ,4:49,ヤフオクドーム,2015-08-30,Sunday,2015-08-30,0.0,25.0,10.0
2015,9月4日(金),38500,●,5 - 6,楽天,中田,3:33,ヤフオクドーム,2015-09-04,Friday,2015-09-04,0.0,25.5,1.0
2015,9月5日(土),38500,○,7 - 0,楽天,武田,3:20,ヤフオクドーム,2015-09-05,Saturday,2015-09-05,9.5,24.2,8.8
2015,9月6日(日),38500,○,5 - 3,楽天,帆足,5:01,ヤフオクドーム,2015-09-06,Sunday,2015-09-06,13.5,22.8,10.0
2015,9月17日(木),38500,○,5 - 3,西武,武田,3:37,ヤフオクドーム,2015-09-17,Thursday,2015-09-17,5.5,23.0,10.0
2015,9月18日(金),32308,●,3 - 4,ロッテ,攝津,3:36,ヤフオクドーム,2015-09-18,Friday,2015-09-18,0.0,23.1,5.3
2015,9月19日(土),38500,○,2 - 0,ロッテ,中田,2:57,ヤフオクドーム,2015-09-19,Saturday,2015-09-19,0.0,22.2,6.3
2015,9月20日(日),38500,○,1 - 0,ロッテ,千賀,2:49,ヤフオクドーム,2015-09-20,Sunday,2015-09-20,0.0,22.1,6.5
2015,9月28日(月),35808,●,3 - 5,日本ハム,東浜,3:54,ヤフオクドーム,2015-09-28,Monday,2015-09-28,0.0,24.2,2.8
2015,9月29日(火),29705,●,5 - 10,楽天,寺原,3:43,ヤフオクドーム,2015-09-29,Tuesday,2015-09-29,0.0,24.1,6.0
2015,9月30日(水),28690,●,2 - 3,楽天,中田,3:32,ヤフオクドーム,2015-09-30,Wednesday,2015-09-30,5.0,21.0,8.3
2015,10月1日(木),32625,●,2 - 3,楽天,千賀,3:43,ヤフオクドーム,2015-10-01,Thursday,2015-10-01,67.5,23.5,10.0
2016,3月29日(火),38500,●,2 - 6,西武,和田,3:33,ヤフオクドーム,2016-03-29,Tuesday,2016-03-29,0.0,13.8,7.5
2016,3月30日(水),34300,○,5 - 4,西武,千賀,3:22,ヤフオクドーム,2016-03-30,Wednesday,2016-03-30,0.0,16.3,10.0
2016,4月5日(火),35165,△,4 - 4,ロッテ,和田,4:29,ヤフオクドーム,2016-04-05,Tuesday,2016-04-05,0.0,15.1,7.5
2016,4月6日(水),30016,●,3 - 4,ロッテ,千賀,3:08,ヤフオクドーム,2016-04-06,Wednesday,2016-04-06,2.5,15.9,10.0
2016,4月7日(木),28407,●,8 - 17,ロッテ,攝津,3:42,ヤフオクドーム,2016-04-07,Thursday,2016-04-07,37.5,18.5,10.0
2016,4月9日(土),14942,○,13 - 1,オリックス,バンデンハーク,3:19,鹿児島,2016-04-09,Saturday,2016-04-09,0.0,17.2,9.5
2016,4月10日(日),12376,○,10 - 0,オリックス,武田,3:41,熊本,2016-04-10,Sunday,2016-04-10,0.0,16.8,10.0
2016,4月15日(金),27871,○,3 - 2,楽天,東浜,2:51,ヤフオクドーム,2016-04-15,Friday,2016-04-15,0.0,16.8,3.8
2016,4月16日(土),0,-,中止,楽天,,,ヤフオクドーム,2016-04-16,Saturday,2016-04-16,2.0,19.0,9.3
2016,4月17日(日),33720,○,9 - 7,楽天,武田,4:52,ヤフオクドーム,2016-04-17,Sunday,2016-04-17,10.0,17.5,3.8
2016,4月23日(土),32646,●,2 - 4,日本ハム,千賀,3:49,ヤフオクドーム,2016-04-23,Saturday,2016-04-23,2.5,16.9,10.0
2016,4月24日(日),35563,○,6 - 5,日本ハム,武田,3:43,ヤフオクドーム,2016-04-24,Sunday,2016-04-24,0.0,16.8,10.0
2016,4月29日(金),35622,●,3 - 7,西武,中田,3:19,ヤフオクドーム,2016-04-29,Friday,2016-04-29,0.0,15.1,4.0
2016,4月30日(土),35115,△,4 - 4,西武,千賀,4:38,ヤフオクドーム,2016-04-30,Saturday,2016-04-30,0.0,18.2,0.0
2016,5月1日(日),34886,○,6 - 3,西武,武田,3:03,ヤフオクドーム,2016-05-01,Sunday,2016-05-01,0.0,20.2,2.5
2016,5月6日(金),30685,○,3 - 2,楽天,中田,3:21,ヤフオクドーム,2016-05-06,Friday,2016-05-06,10.0,19.2,10.0
2016,5月7日(土),38500,○,3 - 2,楽天,千賀,3:22,ヤフオクドーム,2016-05-07,Saturday,2016-05-07,0.0,19.8,7.8
2016,5月8日(日),35714,○,3 - 1,楽天,武田,2:47,ヤフオクドーム,2016-05-08,Sunday,2016-05-08,1.5,20.8,10.0
2016,5月10日(火),29160,○,2 - 1,ロッテ,バンデンハーク,2:21,ヤフオクドーム,2016-05-10,Tuesday,2016-05-10,22.0,19.4,10.0
2016,5月11日(水),30335,○,9 - 5,ロッテ,和田,2:45,ヤフオクドーム,2016-05-11,Wednesday,2016-05-11,6.5,15.5,7.3
2016,5月12日(木),32020,●,2 - 3,ロッテ,東浜,3:15,ヤフオクドーム,2016-05-12,Thursday,2016-05-12,0.0,18.1,0.0
2016,5月17日(火),18603,●,2 - 7,日本ハム,バンデンハーク,3:22,北九州,2016-05-17,Tuesday,2016-05-17,0.0,17.8,2.0
2016,5月18日(水),36101,○,6 - 2,日本ハム,和田,3:30,ヤフオクドーム,2016-05-18,Wednesday,2016-05-18,0.0,19.3,6.8
2016,5月19日(木),34909,●,6 - 8,日本ハム,東浜,4:19,ヤフオクドーム,2016-05-19,Thursday,2016-05-19,0.0,22.0,9.8
2016,5月24日(火),32275,○,22 - 6,オリックス,バンデンハーク,4:05,ヤフオクドーム,2016-05-24,Tuesday,2016-05-24,15.0,24.2,8.3
2016,5月25日(水),32112,○,5 - 2,オリックス,和田,2:50,ヤフオクドーム,2016-05-25,Wednesday,2016-05-25,1.5,22.1,6.5
2016,5月26日(木),33907,○,4 - 3,オリックス,中田,3:34,ヤフオクドーム,2016-05-26,Thursday,2016-05-26,0.0,23.6,9.3
2016,5月31日(火),34553,○,5 - 2,中日,バンデンハーク,3:27,ヤフオクドーム,2016-05-31,Tuesday,2016-05-31,0.0,23.8,6.8
2016,6月1日(水),35045,●,0 - 5,中日,和田,2:45,ヤフオクドーム,2016-06-01,Wednesday,2016-06-01,0.0,21.8,5.5
2016,6月2日(木),34693,○,6 - 2,中日,中田,3:23,ヤフオクドーム,2016-06-02,Thursday,2016-06-02,0.0,20.4,2.0
2016,6月7日(火),34028,○,6 - 3,DeNA,山田,3:12,ヤフオクドーム,2016-06-07,Tuesday,2016-06-07,0.0,23.4,8.8
2016,6月8日(水),35761,○,4 - 1,DeNA,和田,3:20,ヤフオクドーム,2016-06-08,Wednesday,2016-06-08,0.0,23.4,10.0
2016,6月9日(木),33632,○,4 - 2,DeNA,中田,3:09,ヤフオクドーム,2016-06-09,Thursday,2016-06-09,1.0,23.4,7.3
2016,6月10日(金),37618,○,2 - 1,巨人,東浜,3:12,ヤフオクドーム,2016-06-10,Friday,2016-06-10,0.0,24.3,3.8
2016,6月11日(土),38500,○,8 - 3,巨人,千賀,3:22,ヤフオクドーム,2016-06-11,Saturday,2016-06-11,0.0,26.5,10.0
2016,6月12日(日),38500,○,7 - 5,巨人,武田,2:41,ヤフオクドーム,2016-06-12,Sunday,2016-06-12,12.0,23.9,10.0
2016,6月27日(月),46776,●,6 - 9,ロッテ,武田,3:24,東京ドーム,2016-06-27,Monday,2016-06-27,16.0,20.8,9.3
2016,6月29日(水),38043,○,7 - 6,ロッテ,千賀,3:58,ヤフオクドーム,2016-06-29,Wednesday,2016-06-29,44.0,23.3,10.0
2016,6月30日(木),38027,○,2 - 1,ロッテ,岩嵜,3:00,ヤフオクドーム,2016-06-30,Thursday,2016-06-30,0.0,25.0,8.0
2016,7月1日(金),38389,●,2 - 5,日本ハム,和田,3:15,ヤフオクドーム,2016-07-01,Friday,2016-07-01,0.5,27.8,8.8
2016,7月2日(土),38500,●,0 - 4,日本ハム,東浜,3:09,ヤフオクドーム,2016-07-02,Saturday,2016-07-02,0.5,30.3,10.0
2016,7月3日(日),38500,●,0 - 2,日本ハム,中田,3:08,ヤフオクドーム,2016-07-03,Sunday,2016-07-03,1.5,30.0,8.8
2016,7月8日(金),35237,●,2 - 3,楽天,和田,3:02,ヤフオクドーム,2016-07-08,Friday,2016-07-08,41.5,24.9,10.0
2016,7月9日(土),36617,○,6 - 2,楽天,東浜,3:32,ヤフオクドーム,2016-07-09,Saturday,2016-07-09,0.5,26.2,9.8
2016,7月10日(日),38500,○,6 - 2,楽天,大隣,3:22,ヤフオクドーム,2016-07-10,Sunday,2016-07-10,6.5,27.1,10.0
2016,7月18日(月),38500,●,0 - 6,オリックス,東浜,3:25,ヤフオクドーム,2016-07-18,Monday,2016-07-18,0.0,27.1,9.3
2016,7月19日(火),38500,●,0 - 4,オリックス,武田,3:09,ヤフオクドーム,2016-07-19,Tuesday,2016-07-19,0.0,27.4,4.0
2016,7月20日(水),21290,○,2 - 1,オリックス,中田,2:57,北九州,2016-07-20,Wednesday,2016-07-20,0.0,27.3,6.0
2016,7月22日(金),38500,○,5 - 2,西武,和田,3:03,ヤフオクドーム,2016-07-22,Friday,2016-07-22,0.0,26.2,6.8
2016,7月23日(土),38500,●,1 - 3,西武,千賀,3:33,ヤフオクドーム,2016-07-23,Saturday,2016-07-23,0.0,27.9,6.3
2016,7月24日(日),38500,○,4 - 3,西武,岩嵜,3:23,ヤフオクドーム,2016-07-24,Sunday,2016-07-24,0.0,29.4,5.8
2016,8月5日(金),37093,○,3 - 2,日本ハム,和田,2:37,ヤフオクドーム,2016-08-05,Friday,2016-08-05,11.5,29.5,4.0
2016,8月6日(土),38500,●,1 - 8,日本ハム,千賀,3:31,ヤフオクドーム,2016-08-06,Saturday,2016-08-06,31.5,28.7,5.0
2016,8月7日(日),38500,●,3 - 8,日本ハム,中田,3:40,ヤフオクドーム,2016-08-07,Sunday,2016-08-07,0.0,29.8,7.0
2016,8月16日(火),38500,●,4 - 6,西武,武田,3:17,ヤフオクドーム,2016-08-16,Tuesday,2016-08-16,0.0,29.7,8.0
2016,8月18日(木),35770,●,3 - 6,西武,東浜,3:06,京セラD大阪,2016-08-18,Thursday,2016-08-18,0.0,30.2,2.8
2016,8月23日(火),38500,●,2 - 3,楽天,武田,3:58,ヤフオクドーム,2016-08-23,Tuesday,2016-08-23,0.0,29.5,1.8
2016,8月24日(水),37936,○,5 - 0,楽天,中田,3:24,ヤフオクドーム,2016-08-24,Wednesday,2016-08-24,0.0,29.7,3.5
2016,8月25日(木),36330,●,5 - 7,楽天,東浜,3:51,ヤフオクドーム,2016-08-25,Thursday,2016-08-25,0.0,30.6,5.0
2016,8月26日(金),36354,○,11 - 3,ロッテ,和田,3:03,ヤフオクドーム,2016-08-26,Friday,2016-08-26,0.0,28.8,9.3
2016,8月27日(土),38500,○,14 - 3,ロッテ,千賀,3:18,ヤフオクドーム,2016-08-27,Saturday,2016-08-27,0.0,26.9,9.5
2016,8月28日(日),38500,●,5 - 7,ロッテ,岩嵜,3:33,ヤフオクドーム,2016-08-28,Sunday,2016-08-28,56.5,24.7,10.0
2016,9月6日(火),37502,●,1 - 2,オリックス,武田,3:29,ヤフオクドーム,2016-09-06,Tuesday,2016-09-06,0.0,27.0,8.8
2016,9月7日(水),38500,○,2 - 1,オリックス,中田,2:46,ヤフオクドーム,2016-09-07,Wednesday,2016-09-07,44.5,26.5,9.8
2016,9月10日(土),37866,●,2 - 7,西武,千賀,3:07,ヤフオクドーム,2016-09-10,Saturday,2016-09-10,0.0,26.1,7.8
2016,9月11日(日),38500,○,8 - 5,西武,攝津,3:15,ヤフオクドーム,2016-09-11,Sunday,2016-09-11,0.0,26.6,9.5
2016,9月17日(土),38500,○,6 - 3,オリックス,和田,3:29,ヤフオクドーム,2016-09-17,Saturday,2016-09-17,8.0,27.8,9.3
2016,9月18日(日),38500,○,8 - 5,オリックス,バンデンハーク,3:09,ヤフオクドーム,2016-09-18,Sunday,2016-09-18,135.0,24.7,10.0
2016,9月19日(月),38500,△,3 - 3,オリックス,中田,4:58,ヤフオクドーム,2016-09-19,Monday,2016-09-19,16.0,23.2,10.0
2016,9月21日(水),38500,●,1 - 2,日本ハム,千賀,3:25,ヤフオクドーム,2016-09-21,Wednesday,2016-09-21,0.0,22.9,10.0
2016,9月22日(木),38500,●,2 - 5,日本ハム,武田,3:56,ヤフオクドーム,2016-09-22,Thursday,2016-09-22,0.0,22.7,9.3
2016,9月30日(金),35473,○,8 - 2,楽天,中田,3:01,ヤフオクドーム,2016-09-30,Friday,2016-09-30,27.0,23.4,9.8
2017,3月31日(金),38585,○,3 - 1,ロッテ,和田,2:41,ヤフオクドーム,2017-03-31,Friday,2017-03-31,10.5,10.5,10.0
2017,4月1日(土),38270,○,4 - 1,ロッテ,中田,3:06,ヤフオクドーム,2017-04-01,Saturday,2017-04-01,2.5,10.8,10.0
2017,4月2日(日),38585,○,5 - 3,ロッテ,東浜,2:53,ヤフオクドーム,2017-04-02,Sunday,2017-04-02,8.0,10.2,5.3
2017,4月14日(金),30748,●,0 - 9,オリックス,中田,2:43,ヤフオクドーム,2017-04-14,Friday,2017-04-14,0.0,18.0,0.0
2017,4月15日(土),37616,●,6 - 7,オリックス,攝津,4:06,ヤフオクドーム,2017-04-15,Saturday,2017-04-15,10.5,20.0,6.5
2017,4月16日(日),0,-,中止,オリックス,,,鹿児島,2017-04-16,Sunday,2017-04-16,0.0,19.4,5.8
2017,4月21日(金),30142,○,4 - 3,楽天,中田,4:50,ヤフオクドーム,2017-04-21,Friday,2017-04-21,0.0,16.6,9.3
2017,4月22日(土),33223,●,2 - 11,楽天,大隣,3:24,ヤフオクドーム,2017-04-22,Saturday,2017-04-22,0.0,16.4,3.3
2017,4月23日(日),35400,●,1 - 2,楽天,寺原,4:01,ヤフオクドーム,2017-04-23,Sunday,2017-04-23,0.0,15.5,0.0
2017,4月25日(火),17524,○,7 - 5,日本ハム,千賀,3:23,北九州,2017-04-25,Tuesday,2017-04-25,0.0,19.9,8.3
2017,4月26日(水),31049,○,4 - 1,日本ハム,東浜,3:28,ヤフオクドーム,2017-04-26,Wednesday,2017-04-26,17.5,16.7,10.0
2017,4月27日(木),29721,●,4 - 5,日本ハム,バンデンハーク,3:46,ヤフオクドーム,2017-04-27,Thursday,2017-04-27,0.0,16.1,10.0
2017,5月2日(火),35006,○,14 - 4,西武,千賀,3:20,ヤフオクドーム,2017-05-02,Tuesday,2017-05-02,0.0,18.7,8.5
2017,5月3日(水),38585,○,6 - 2,西武,東浜,3:01,ヤフオクドーム,2017-05-03,Wednesday,2017-05-03,11.5,19.4,7.8
2017,5月4日(木),38585,○,9 - 6,西武,バンデンハーク,3:27,ヤフオクドーム,2017-05-04,Thursday,2017-05-04,0.0,22.0,8.3
2017,5月9日(火),29444,○,2 - 1,オリックス,千賀,2:27,ヤフオクドーム,2017-05-09,Tuesday,2017-05-09,14.5,17.4,9.8
2017,5月10日(水),31367,○,3 - 2,オリックス,東浜,3:41,ヤフオクドーム,2017-05-10,Wednesday,2017-05-10,0.0,18.6,7.5
2017,5月11日(木),30313,○,7 - 0,オリックス,バンデンハーク,3:34,ヤフオクドーム,2017-05-11,Thursday,2017-05-11,0.0,22.6,6.8
2017,5月13日(土),12922,○,3 - 2,楽天,中田,3:29,熊本,2017-05-13,Saturday,2017-05-13,2.0,19.4,7.0
2017,5月14日(日),38585,●,2 - 9,楽天,寺原,3:28,ヤフオクドーム,2017-05-14,Sunday,2017-05-14,0.0,21.1,3.8
2017,5月23日(火),33301,○,6 - 1,ロッテ,東浜,3:00,ヤフオクドーム,2017-05-23,Tuesday,2017-05-23,0.0,23.0,7.5
2017,5月24日(水),31627,○,10 - 4,ロッテ,攝津,3:21,ヤフオクドーム,2017-05-24,Wednesday,2017-05-24,8.0,20.8,10.0
2017,5月25日(木),34247,●,7 - 12,ロッテ,中田,3:21,ヤフオクドーム,2017-05-25,Thursday,2017-05-25,0.0,22.1,9.8
2017,5月30日(火),32784,○,10 - 2,中日,東浜,3:08,ヤフオクドーム,2017-05-30,Tuesday,2017-05-30,0.0,25.0,7.5
2017,5月31日(水),32278,○,7 - 2,中日,石川,3:10,ヤフオクドーム,2017-05-31,Wednesday,2017-05-31,0.0,23.7,9.8
2017,6月1日(木),29034,●,1 - 5,中日,中田,3:19,ヤフオクドーム,2017-06-01,Thursday,2017-06-01,0.0,25.2,10.0
2017,6月6日(火),32475,○,2 - 1,ヤクルト,東浜,3:20,ヤフオクドーム,2017-06-06,Tuesday,2017-06-06,0.5,22.4,10.0
2017,6月7日(水),32955,○,4 - 1,ヤクルト,石川,2:42,ヤフオクドーム,2017-06-07,Wednesday,2017-06-07,12.0,21.0,10.0
2017,6月8日(木),32125,○,15 - 0,ヤクルト,中田,3:28,ヤフオクドーム,2017-06-08,Thursday,2017-06-08,0.0,21.5,5.0
2017,6月9日(金),36491,○,3 - 0,阪神,バンデンハーク,2:48,ヤフオクドーム,2017-06-09,Friday,2017-06-09,0.0,22.5,8.8
2017,6月10日(土),38585,●,1 - 5,阪神,松本裕,3:34,ヤフオクドーム,2017-06-10,Saturday,2017-06-10,0.0,23.7,10.0
2017,6月11日(日),38585,○,5 - 2,阪神,山田,3:42,ヤフオクドーム,2017-06-11,Sunday,2017-06-11,4.5,21.6,10.0
2017,6月23日(金),36637,○,10 - 0,西武,東浜,2:50,ヤフオクドーム,2017-06-23,Friday,2017-06-23,0.0,25.2,9.8
2017,6月24日(土),37500,●,2 - 3,西武,松本裕,3:33,ヤフオクドーム,2017-06-24,Saturday,2017-06-24,80.5,23.8,10.0
2017,6月25日(日),37745,○,7 - 6,西武,バンデンハーク,3:24,ヤフオクドーム,2017-06-25,Sunday,2017-06-25,6.0,23.1,10.0
2017,6月27日(火),34004,○,6 - 0,日本ハム,石川,2:36,ヤフオクドーム,2017-06-27,Tuesday,2017-06-27,5.5,24.0,10.0
2017,6月28日(水),34708,○,6 - 5,日本ハム,武田,3:26,ヤフオクドーム,2017-06-28,Wednesday,2017-06-28,26.5,24.4,10.0
2017,6月29日(木),35386,○,1 - 0,日本ハム,松本裕,3:20,ヤフオクドーム,2017-06-29,Thursday,2017-06-29,9.0,24.4,10.0
2017,7月4日(火),31265,○,4 - 0,オリックス,石川,2:35,ヤフオクドーム,2017-07-04,Tuesday,2017-07-04,16.5,28.2,7.5
2017,7月5日(水),32773,○,5 - 3,オリックス,武田,3:06,ヤフオクドーム,2017-07-05,Wednesday,2017-07-05,6.0,27.9,8.5
2017,7月11日(火),36140,●,4 - 5,楽天,石川,3:50,ヤフオクドーム,2017-07-11,Tuesday,2017-07-11,4.0,29.8,9.3
2017,7月12日(水),36497,●,0 - 2,楽天,松本裕,3:23,ヤフオクドーム,2017-07-12,Wednesday,2017-07-12,5.5,28.4,9.0
2017,7月17日(月),38585,○,3 - 1,西武,東浜,2:51,ヤフオクドーム,2017-07-17,Monday,2017-07-17,0.0,30.6,8.3
2017,7月18日(火),38585,○,3 - 1,西武,バンデンハーク,3:14,ヤフオクドーム,2017-07-18,Tuesday,2017-07-18,5.0,29.6,10.0
2017,7月19日(水),21500,○,10 - 6,西武,松本裕,3:33,北九州,2017-07-19,Wednesday,2017-07-19,5.5,28.7,10.0
2017,7月21日(金),38585,○,2 - 1,ロッテ,千賀,3:27,ヤフオクドーム,2017-07-21,Friday,2017-07-21,0.0,30.7,7.3
2017,7月22日(土),38585,○,2 - 0,ロッテ,武田,2:29,ヤフオクドーム,2017-07-22,Saturday,2017-07-22,0.0,31.1,9.3
2017,7月23日(日),38585,●,1 - 3,ロッテ,中田,3:18,ヤフオクドーム,2017-07-23,Sunday,2017-07-23,0.0,30.9,8.8
2017,7月29日(土),38585,○,4 - 0,日本ハム,千賀,2:32,ヤフオクドーム,2017-07-29,Saturday,2017-07-29,0.0,29.5,6.0
2017,7月30日(日),38585,○,4 - 3,日本ハム,武田,2:58,ヤフオクドーム,2017-07-30,Sunday,2017-07-30,0.0,29.8,3.8
2017,7月31日(月),46808,○,5 - 3,日本ハム,松本裕,3:20,東京ドーム,2017-07-31,Monday,2017-07-31,0.0,30.4,7.8
2017,8月12日(土),38585,○,1 - 0,日本ハム,千賀,3:03,ヤフオクドーム,2017-08-12,Saturday,2017-08-12,0.0,28.7,5.3
2017,8月13日(日),38585,○,3 - 2,日本ハム,武田,3:18,ヤフオクドーム,2017-08-13,Sunday,2017-08-13,0.0,28.4,7.8
2017,8月14日(月),35961,●,1 - 7,日本ハム,松本裕,3:37,京セラD大阪,2017-08-14,Monday,2017-08-14,28.0,27.2,10.0
2017,8月15日(火),37865,○,5 - 3,オリックス,バンデンハーク,3:08,ヤフオクドーム,2017-08-15,Tuesday,2017-08-15,7.0,28.1,10.0
2017,8月16日(水),37690,○,2 - 1,オリックス,石川,2:53,ヤフオクドーム,2017-08-16,Wednesday,2017-08-16,15.0,28.7,6.8
2017,8月22日(火),38585,○,7 - 0,西武,バンデンハーク,2:45,ヤフオクドーム,2017-08-22,Tuesday,2017-08-22,0.0,29.8,5.0
2017,8月23日(水),37140,○,9 - 0,西武,石川,2:15,ヤフオクドーム,2017-08-23,Wednesday,2017-08-23,0.0,30.9,3.5
2017,8月24日(木),36164,○,10 - 1,西武,中田,2:44,ヤフオクドーム,2017-08-24,Thursday,2017-08-24,0.0,31.4,5.3
2017,8月25日(金),35926,●,3 - 10,ロッテ,東浜,3:54,ヤフオクドーム,2017-08-25,Friday,2017-08-25,0.0,31.5,8.5
2017,8月26日(土),38585,●,3 - 6,ロッテ,千賀,3:41,ヤフオクドーム,2017-08-26,Saturday,2017-08-26,26.5,27.1,8.3
2017,8月27日(日),38585,○,3 - 0,ロッテ,和田,2:38,ヤフオクドーム,2017-08-27,Sunday,2017-08-27,0.0,27.9,5.5
2017,9月1日(金),38184,○,2 - 0,楽天,東浜,3:04,ヤフオクドーム,2017-09-01,Friday,2017-09-01,0.0,25.6,6.8
2017,9月2日(土),38585,○,3 - 1,楽天,千賀,2:52,ヤフオクドーム,2017-09-02,Saturday,2017-09-02,0.0,25.2,6.8
2017,9月3日(日),38585,○,1 - 0,楽天,和田,2:38,ヤフオクドーム,2017-09-03,Sunday,2017-09-03,0.0,25.1,6.0
2017,9月13日(水),37805,●,2 - 5,オリックス,バンデンハーク,3:01,ヤフオクドーム,2017-09-13,Wednesday,2017-09-13,0.0,24.9,9.5
2017,9月14日(木),38585,○,7 - 4,オリックス,中田,3:31,ヤフオクドーム,2017-09-14,Thursday,2017-09-14,5.5,23.2,10.0
2017,9月23日(土),38585,●,1 - 3,楽天,東浜,3:45,ヤフオクドーム,2017-09-23,Saturday,2017-09-23,0.0,23.0,7.5
2017,9月24日(日),38585,○,4 - 3,楽天,攝津,2:49,ヤフオクドーム,2017-09-24,Sunday,2017-09-24,0.0,22.1,7.3
2017,9月25日(月),32444,●,2 - 10,楽天,千賀,2:58,ヤフオクドーム,2017-09-25,Monday,2017-09-25,0.0,23.4,3.3
2017,9月26日(火),31589,●,3 - 4,ロッテ,和田,2:54,ヤフオクドーム,2017-09-26,Tuesday,2017-09-26,0.0,25.8,7.0
2017,9月28日(木),33154,○,8 - 5,西武,武田,3:33,ヤフオクドーム,2017-09-28,Thursday,2017-09-28,3.5,22.3,6.8
2017,10月6日(金),35805,○,4 - 3,オリックス,千賀,3:54,ヤフオクドーム,2017-10-06,Friday,2017-10-06,59.0,20.2,10.0
2018,3月30日(金),38530,○,2 - 0,オリックス,千賀,2:46,ヤフオクドーム,2018-03-30,Friday,2018-03-30,0.0,15.7,4.5
2018,3月31日(土),38530,●,4 - 8,オリックス,武田,3:29,ヤフオクドーム,2018-03-31,Saturday,2018-03-31,0.0,15.9,1.0
2018,4月1日(日),38325,○,12 - 3,オリックス,中田,3:53,ヤフオクドーム,2018-04-01,Sunday,2018-04-01,0.0,18.4,4.0
2018,4月10日(火),31774,●,1 - 4,日本ハム,東浜,3:29,ヤフオクドーム,2018-04-10,Tuesday,2018-04-10,0.0,18.7,1.0
2018,4月11日(水),32255,○,8 - 5,日本ハム,バンデンハーク,3:30,ヤフオクドーム,2018-04-11,Wednesday,2018-04-11,0.0,20.5,10.0
2018,4月12日(木),30861,○,3 - 0,日本ハム,石川,2:32,ヤフオクドーム,2018-04-12,Thursday,2018-04-12,0.0,17.9,7.5
2018,4月14日(土),0,-,中止,ロッテ,,,熊本,2018-04-14,Saturday,2018-04-14,5.5,19.0,10.0
2018,4月15日(日),19124,○,7 - 6,ロッテ,中田,3:30,鹿児島,2018-04-15,Sunday,2018-04-15,5.5,14.3,6.5
2018,4月17日(火),31586,○,5 - 3,楽天,東浜,3:10,ヤフオクドーム,2018-04-17,Tuesday,2018-04-17,1.5,14.4,10.0
2018,4月18日(水),32491,○,5 - 2,楽天,バンデンハーク,3:01,ヤフオクドーム,2018-04-18,Wednesday,2018-04-18,0.0,15.2,0.8
2018,4月19日(木),31931,●,1 - 3,楽天,石川,2:26,ヤフオクドーム,2018-04-19,Thursday,2018-04-19,0.0,16.3,0.0
2018,4月24日(火),0,-,中止,西武,,,北九州,2018-04-24,Tuesday,2018-04-24,28.0,17.9,10.0
2018,4月25日(水),37921,●,6 - 12,西武,バンデンハーク,3:41,ヤフオクドーム,2018-04-25,Wednesday,2018-04-25,0.0,14.0,7.8
2018,4月26日(木),36219,○,4 - 1,西武,石川,2:27,ヤフオクドーム,2018-04-26,Thursday,2018-04-26,0.0,14.6,9.0
2018,5月4日(金),38530,●,4 - 5,オリックス,東浜,3:23,ヤフオクドーム,2018-05-04,Friday,2018-05-04,0.0,17.0,0.8
2018,5月5日(土),38530,○,3 - 0,オリックス,武田,2:35,ヤフオクドーム,2018-05-05,Saturday,2018-05-05,0.0,19.3,7.3
2018,5月6日(日),38530,●,2 - 5,オリックス,中田,3:19,ヤフオクドーム,2018-05-06,Sunday,2018-05-06,28.0,18.2,10.0
2018,5月11日(金),37562,●,4 - 5,日本ハム,東浜,4:09,ヤフオクドーム,2018-05-11,Friday,2018-05-11,0.0,19.0,2.8
2018,5月12日(土),38530,●,3 - 5,日本ハム,バンデンハーク,3:26,ヤフオクドーム,2018-05-12,Saturday,2018-05-12,0.0,21.5,7.0
2018,5月13日(日),38530,○,8 - 0,日本ハム,武田,2:40,ヤフオクドーム,2018-05-13,Sunday,2018-05-13,18.0,20.5,7.8
2018,5月22日(火),38489,○,5 - 3,西武,攝津,3:12,ヤフオクドーム,2018-05-22,Tuesday,2018-05-22,0.0,23.0,5.5
2018,5月23日(水),36717,●,1 - 2,西武,石川,3:09,ヤフオクドーム,2018-05-23,Wednesday,2018-05-23,4.0,20.8,7.8
2018,5月24日(木),37067,●,5 - 12,西武,中田,3:46,ヤフオクドーム,2018-05-24,Thursday,2018-05-24,0.0,21.1,5.0
2018,5月25日(金),36011,●,4 - 6,楽天,東浜,3:26,ヤフオクドーム,2018-05-25,Friday,2018-05-25,0.0,23.0,9.8
2018,5月26日(土),34721,○,4 - 3,楽天,バンデンハーク,3:13,ヤフオクドーム,2018-05-26,Saturday,2018-05-26,4.0,22.3,5.3
2018,5月27日(日),35020,●,4 - 8,楽天,武田,3:06,ヤフオクドーム,2018-05-27,Sunday,2018-05-27,0.0,22.7,7.5
2018,6月1日(金),37011,○,6 - 2,DeNA,千賀,2:39,ヤフオクドーム,2018-06-01,Friday,2018-06-01,0.0,21.5,1.3
2018,6月2日(土),35705,○,5 - 4,DeNA,バンデンハーク,3:32,ヤフオクドーム,2018-06-02,Saturday,2018-06-02,0.0,23.3,4.3
2018,6月3日(日),36640,○,7 - 5,DeNA,武田,3:33,ヤフオクドーム,2018-06-03,Sunday,2018-06-03,0.0,23.6,8.8
2018,6月12日(火),36828,●,2 - 8,巨人,武田,3:08,ヤフオクドーム,2018-06-12,Tuesday,2018-06-12,1.0,20.4,5.8
2018,6月13日(水),36780,○,4 - 2,巨人,攝津,2:59,ヤフオクドーム,2018-06-13,Wednesday,2018-06-13,0.0,21.2,1.0
2018,6月14日(木),36289,●,4 - 6,巨人,石川,3:17,ヤフオクドーム,2018-06-14,Thursday,2018-06-14,0.0,22.4,8.0
2018,6月15日(金),36697,○,8 - 0,広島,千賀,3:10,ヤフオクドーム,2018-06-15,Friday,2018-06-15,0.0,22.5,7.5
2018,6月16日(土),38530,○,6 - 2,広島,バンデンハーク,2:55,ヤフオクドーム,2018-06-16,Saturday,2018-06-16,0.0,22.1,3.8
2018,6月17日(日),38530,●,4 - 13,広島,中田,3:14,ヤフオクドーム,2018-06-17,Sunday,2018-06-17,0.0,25.3,7.8
2018,6月29日(金),38530,○,6 - 5,ロッテ,中田,3:39,ヤフオクドーム,2018-06-29,Friday,2018-06-29,66.0,25.4,9.8
2018,6月30日(土),37986,●,2 - 5,ロッテ,石川,3:14,ヤフオクドーム,2018-06-30,Saturday,2018-06-30,39.0,24.8,10.0
2018,7月1日(日),38027,●,1 - 4,ロッテ,バンデンハーク,3:26,ヤフオクドーム,2018-07-01,Sunday,2018-07-01,0.0,29.3,9.5
2018,7月9日(月),45068,●,1 - 10,日本ハム,石川,3:28,東京ドーム,2018-07-09,Monday,2018-07-09,0.0,26.5,8.3
2018,7月10日(火),45380,●,0 - 12,日本ハム,武田,3:53,東京ドーム,2018-07-10,Tuesday,2018-07-10,3.0,29.3,7.0
2018,7月16日(月),38530,○,16 - 4,西武,千賀,3:10,ヤフオクドーム,2018-07-16,Monday,2018-07-16,0.0,29.9,0.5
2018,7月17日(火),38530,○,6 - 1,西武,石川,3:00,ヤフオクドーム,2018-07-17,Tuesday,2018-07-17,0.0,29.8,2.5
2018,7月18日(水),21513,●,5 - 12,西武,武田,3:09,北九州,2018-07-18,Wednesday,2018-07-18,0.0,29.9,2.3
2018,7月24日(火),33072,△,10 - 10,ロッテ,千賀,5:45,京セラD大阪,2018-07-24,Tuesday,2018-07-24,0.0,30.2,3.0
2018,7月26日(木),37598,○,6 - 5,ロッテ,石川,3:35,ヤフオクドーム,2018-07-26,Thursday,2018-07-26,0.0,31.0,7.0
2018,7月27日(金),38530,●,5 - 6,楽天,バンデンハーク,4:25,ヤフオクドーム,2018-07-27,Friday,2018-07-27,0.0,30.5,4.3
2018,7月28日(土),38530,●,1 - 7,楽天,攝津,2:58,ヤフオクドーム,2018-07-28,Saturday,2018-07-28,0.0,29.6,6.8
2018,7月29日(日),38530,○,4 - 0,楽天,武田,2:53,ヤフオクドーム,2018-07-29,Sunday,2018-07-29,34.0,27.2,9.3
2018,8月3日(金),33546,○,5 - 3,オリックス,バンデンハーク,3:07,ヤフオクドーム,2018-08-03,Friday,2018-08-03,0.0,30.8,0.5
2018,8月4日(土),33484,●,2 - 3,オリックス,松本裕,4:02,ヤフオクドーム,2018-08-04,Saturday,2018-08-04,0.0,30.6,2.0
2018,8月5日(日),33456,●,4 - 6,オリックス,武田,3:17,ヤフオクドーム,2018-08-05,Sunday,2018-08-05,0.0,30.6,0.8
2018,8月10日(金),35816,○,5 - 0,日本ハム,千賀,3:08,ヤフオクドーム,2018-08-10,Friday,2018-08-10,0.0,28.9,5.8
2018,8月11日(土),37643,●,1 - 3,日本ハム,大竹,3:21,ヤフオクドーム,2018-08-11,Saturday,2018-08-11,0.0,31.0,6.0
2018,8月12日(日),37954,○,11 - 5,日本ハム,松本裕,3:21,ヤフオクドーム,2018-08-12,Sunday,2018-08-12,3.0,31.9,7.0
2018,8月14日(火),37213,○,2 - 1,楽天,東浜,2:58,ヤフオクドーム,2018-08-14,Tuesday,2018-08-14,0.0,32.1,8.3
2018,8月15日(水),34778,○,6 - 3,楽天,バンデンハーク,3:23,ヤフオクドーム,2018-08-15,Wednesday,2018-08-15,3.5,29.5,10.0
2018,8月16日(木),34032,●,2 - 3,楽天,武田,3:06,ヤフオクドーム,2018-08-16,Thursday,2018-08-16,0.0,29.8,8.5
2018,8月24日(金),36670,○,3 - 2,西武,千賀,2:49,ヤフオクドーム,2018-08-24,Friday,2018-08-24,0.0,30.6,6.3
2018,8月25日(土),37681,○,5 - 1,西武,ミランダ,2:47,ヤフオクドーム,2018-08-25,Saturday,2018-08-25,1.5,30.0,7.0
2018,8月26日(日),38530,○,12 - 8,西武,大竹,4:48,ヤフオクドーム,2018-08-26,Sunday,2018-08-26,0.0,30.7,3.0
2018,8月28日(火),36487,●,1 - 2,ロッテ,東浜,3:37,ヤフオクドーム,2018-08-28,Tuesday,2018-08-28,0.0,29.5,4.0
2018,8月29日(水),35365,○,7 - 0,ロッテ,松本裕,3:02,ヤフオクドーム,2018-08-29,Wednesday,2018-08-29,0.0,30.0,2.3
2018,9月7日(金),38530,●,1 - 3,オリックス,千賀,2:32,ヤフオクドーム,2018-09-07,Friday,2018-09-07,16.0,25.8,10.0
2018,9月8日(土),37196,○,12 - 0,オリックス,ミランダ,3:22,ヤフオクドーム,2018-09-08,Saturday,2018-09-08,12.5,21.8,10.0
2018,9月9日(日),38045,○,1 - 0,オリックス,バンデンハーク,3:32,ヤフオクドーム,2018-09-09,Sunday,2018-09-09,7.5,22.8,10.0
2018,9月22日(土),35958,○,6 - 4,オリックス,千賀,3:13,ヤフオクドーム,2018-09-22,Saturday,2018-09-22,3.5,24.9,9.5
2018,9月23日(日),38530,○,2 - 0,日本ハム,ミランダ,3:11,ヤフオクドーム,2018-09-23,Sunday,2018-09-23,0.0,24.4,10.0
2018,9月24日(月),37801,○,2 - 1,日本ハム,大竹,2:52,ヤフオクドーム,2018-09-24,Monday,2018-09-24,0.0,23.2,10.0
2018,9月30日(日),33047,●,1 - 9,ロッテ,大竹,3:01,ヤフオクドーム,2018-09-30,Sunday,2018-09-30,40.0,20.5,8.8
2018,10月1日(月),31265,●,1 - 6,ロッテ,松本裕,2:56,ヤフオクドーム,2018-10-01,Monday,2018-10-01,0.0,21.0,5.5
2018,10月2日(火),30814,○,4 - 2,ロッテ,東浜,2:44,ヤフオクドーム,2018-10-02,Tuesday,2018-10-02,0.0,20.0,7.5
2018,10月3日(水),33565,○,10 - 2,ロッテ,高橋礼,3:28,ヤフオクドーム,2018-10-03,Wednesday,2018-10-03,0.0,20.3,2.5
2018,10月6日(土),38530,○,8 - 3,西武,高橋礼,3:17,ヤフオクドーム,2018-10-06,Saturday,2018-10-06,4.5,25.5,10.0
2019,3月29日(金),40178,○,5 - 4,西武,千賀,4:15,ヤフオクドーム,2019-03-29,Friday,2019-03-29,0.0,16.0,9.8
2019,3月30日(土),38966,○,6 - 5,西武,ミランダ,3:34,ヤフオクドーム,2019-03-30,Saturday,2019-03-30,0.0,15.8,7.8
2019,3月31日(日),37875,○,3 - 1,西武,高橋礼,2:48,ヤフオクドーム,2019-03-31,Sunday,2019-03-31,0.0,10.5,8.5
2019,4月5日(金),35185,●,3 - 7,ロッテ,千賀,4:14,ヤフオクドーム,2019-04-05,Friday,2019-04-05,0.0,15.2,6.3
2019,4月6日(土),35007,●,3 - 7,ロッテ,ミランダ,3:13,ヤフオクドーム,2019-04-06,Saturday,2019-04-06,0.0,16.0,0.8
2019,4月7日(日),40112,○,11 - 1,ロッテ,高橋礼,2:56,ヤフオクドーム,2019-04-07,Sunday,2019-04-07,6.0,16.4,4.8
2019,4月9日(火),17742,△,3 - 3,日本ハム,東浜,4:15,長崎,2019-04-09,Tuesday,2019-04-09,8.0,15.7,6.3
2019,4月10日(水),36797,●,2 - 3,日本ハム,大竹,4:07,ヤフオクドーム,2019-04-10,Wednesday,2019-04-10,10.0,14.0,10.0
2019,4月11日(木),37694,○,5 - 2,日本ハム,武田,3:13,ヤフオクドーム,2019-04-11,Thursday,2019-04-11,0.0,12.4,8.3
2019,4月22日(月),43063,○,3 - 1,オリックス,東浜,3:12,東京ドーム,2019-04-22,Monday,2019-04-22,0.0,19.1,5.8
2019,4月24日(水),37954,●,2 - 3,オリックス,武田,3:07,ヤフオクドーム,2019-04-24,Wednesday,2019-04-24,0.0,20.8,10.0
2019,4月25日(木),36882,○,3 - 0,オリックス,大竹,3:14,ヤフオクドーム,2019-04-25,Thursday,2019-04-25,0.5,17.7,9.8
2019,5月1日(水),40178,●,0 - 9,楽天,武田,3:40,ヤフオクドーム,2019-05-01,Wednesday,2019-05-01,0.0,16.6,8.3
2019,5月2日(木),39732,○,1 - 0,楽天,大竹,3:08,ヤフオクドーム,2019-05-02,Thursday,2019-05-02,0.0,17.9,3.0
2019,5月3日(金),39486,○,12 - 11,楽天,武田,4:55,ヤフオクドーム,2019-05-03,Friday,2019-05-03,0.0,18.3,2.3
2019,5月4日(土),39131,○,4 - 0,オリックス,千賀,3:23,ヤフオクドーム,2019-05-04,Saturday,2019-05-04,0.0,19.3,7.5
2019,5月5日(日),38049,○,7 - 2,オリックス,ミランダ,2:41,ヤフオクドーム,2019-05-05,Sunday,2019-05-05,0.0,20.7,9.5
2019,5月6日(月),39216,○,9 - 6,オリックス,東浜,3:05,ヤフオクドーム,2019-05-06,Monday,2019-05-06,0.0,18.8,8.3
2019,5月10日(金),34489,●,1 - 9,ロッテ,武田,3:01,ヤフオクドーム,2019-05-10,Friday,2019-05-10,0.0,19.7,6.5
2019,5月11日(土),40178,○,4 - 2,ロッテ,千賀,3:28,ヤフオクドーム,2019-05-11,Saturday,2019-05-11,0.0,20.5,2.0
2019,5月12日(日),40178,●,4 - 5,ロッテ,ミランダ,3:50,ヤフオクドーム,2019-05-12,Sunday,2019-05-12,0.0,20.3,8.5
2019,5月14日(火),20852,●,7 - 11,西武,椎野,4:18,北九州,2019-05-14,Tuesday,2019-05-14,0.0,23.1,8.0
2019,5月15日(水),39066,●,4 - 5,西武,大竹,3:35,ヤフオクドーム,2019-05-15,Wednesday,2019-05-15,0.0,24.1,7.5
2019,5月16日(木),38282,○,5 - 1,西武,高橋礼,2:24,ヤフオクドーム,2019-05-16,Thursday,2019-05-16,0.0,23.7,5.8
2019,5月18日(土),14020,○,2 - 1,日本ハム,千賀,3:05,熊本,2019-05-18,Saturday,2019-05-18,5.5,21.4,10.0
2019,5月19日(日),19131,○,4 - 2,日本ハム,ミランダ,1:53,鹿児島,2019-05-19,Sunday,2019-05-19,0.0,23.9,8.5
2019,5月31日(金),39280,●,1 - 3,楽天,千賀,3:17,ヤフオクドーム,2019-05-31,Friday,2019-05-31,4.5,19.9,10.0
2019,6月1日(土),36689,●,5 - 6,楽天,高橋礼,3:18,ヤフオクドーム,2019-06-01,Saturday,2019-06-01,0.0,21.8,10.0
2019,6月2日(日),38142,●,1 - 4,楽天,スアレス,3:37,ヤフオクドーム,2019-06-02,Sunday,2019-06-02,0.0,22.8,10.0
2019,6月4日(火),36546,○,6 - 4,中日,バンデンハーク,2:58,ヤフオクドーム,2019-06-04,Tuesday,2019-06-04,0.0,24.9,9.5
2019,6月5日(水),37424,○,5 - 2,中日,和田,2:43,ヤフオクドーム,2019-06-05,Wednesday,2019-06-05,0.0,25.3,2.8
2019,6月6日(木),36241,○,6 - 4,中日,大竹,3:04,ヤフオクドーム,2019-06-06,Thursday,2019-06-06,5.5,25.1,7.5
2019,6月11日(火),34423,△,2 - 2,阪神,ミランダ,4:42,ヤフオクドーム,2019-06-11,Tuesday,2019-06-11,0.0,21.1,3.0
2019,6月12日(水),35622,●,2 - 8,阪神,和田,3:18,ヤフオクドーム,2019-06-12,Wednesday,2019-06-12,0.0,21.2,7.3
2019,6月13日(木),34591,○,3 - 0,阪神,大竹,2:26,ヤフオクドーム,2019-06-13,Thursday,2019-06-13,0.0,22.6,5.0
2019,6月14日(金),36453,●,4 - 5,DeNA,千賀,3:32,ヤフオクドーム,2019-06-14,Friday,2019-06-14,8.0,22.6,10.0
2019,6月15日(土),40178,○,4 - 3,DeNA,高橋礼,3:13,ヤフオクドーム,2019-06-15,Saturday,2019-06-15,37.5,20.2,9.8
2019,6月16日(日),39753,△,2 - 2,DeNA,二保,3:46,ヤフオクドーム,2019-06-16,Sunday,2019-06-16,0.0,21.7,9.8
2019,7月2日(火),34232,○,8 - 6,楽天,高橋礼,3:11,ヤフオクドーム,2019-07-02,Tuesday,2019-07-02,5.0,23.3,10.0
2019,7月3日(水),33291,○,4 - 1,楽天,和田,3:05,ヤフオクドーム,2019-07-03,Wednesday,2019-07-03,8.5,23.3,10.0
2019,7月4日(木),34374,○,6 - 3,楽天,千賀,3:35,ヤフオクドーム,2019-07-04,Thursday,2019-07-04,0.5,24.6,8.8
2019,7月8日(月),46824,○,8 - 7,西武,ミランダ,5:21,東京ドーム,2019-07-08,Monday,2019-07-08,0.0,24.8,9.5
2019,7月9日(火),36972,○,3 - 2,西武,高橋礼,2:59,ヤフオクドーム,2019-07-09,Tuesday,2019-07-09,2.0,24.4,10.0
2019,7月10日(水),38055,●,3 - 7,西武,和田,3:37,ヤフオクドーム,2019-07-10,Wednesday,2019-07-10,10.5,25.2,9.8
2019,7月15日(月),38227,●,1 - 5,日本ハム,大竹,3:21,ヤフオクドーム,2019-07-15,Monday,2019-07-15,0.0,24.7,8.3
2019,7月16日(火),36726,●,2 - 3,日本ハム,二保,3:03,ヤフオクドーム,2019-07-16,Tuesday,2019-07-16,0.0,25.2,1.3
2019,7月17日(水),21478,●,0 - 4,日本ハム,スアレス,3:33,北九州,2019-07-17,Wednesday,2019-07-17,1.5,25.9,9.5
2019,7月23日(火),39190,○,11 - 7,ロッテ,高橋礼,3:15,ヤフオクドーム,2019-07-23,Tuesday,2019-07-23,0.5,28.4,9.8
2019,7月24日(水),39829,○,5 - 4,ロッテ,松本,3:42,ヤフオクドーム,2019-07-24,Wednesday,2019-07-24,0.0,29.5,8.3
2019,7月25日(木),39147,●,4 - 7,ロッテ,大竹,3:30,ヤフオクドーム,2019-07-25,Thursday,2019-07-25,0.0,29.6,7.3
2019,7月26日(金),40178,●,2 - 6,オリックス,千賀,2:57,ヤフオクドーム,2019-07-26,Friday,2019-07-26,0.0,29.7,3.8
2019,7月27日(土),40178,●,3 - 5,オリックス,二保,2:50,ヤフオクドーム,2019-07-27,Saturday,2019-07-27,0.0,29.9,5.8
2019,7月28日(日),40178,○,9 - 2,オリックス,ミランダ,3:00,ヤフオクドーム,2019-07-28,Sunday,2019-07-28,0.0,30.4,6.3
2019,8月10日(土),40178,○,8 - 4,日本ハム,千賀,3:46,ヤフオクドーム,2019-08-10,Saturday,2019-08-10,0.0,30.9,7.0
2019,8月11日(日),40178,○,2 - 0,日本ハム,ミランダ,3:57,ヤフオクドーム,2019-08-11,Sunday,2019-08-11,0.0,31.4,7.8
2019,8月12日(月),40178,○,6 - 3,日本ハム,和田,3:32,ヤフオクドーム,2019-08-12,Monday,2019-08-12,0.0,31.4,5.8
2019,8月17日(土),40178,●,8 - 13,西武,千賀,3:45,ヤフオクドーム,2019-08-17,Saturday,2019-08-17,0.0,28.6,3.0
2019,8月18日(日),40178,○,5 - 4,西武,ミランダ,4:03,ヤフオクドーム,2019-08-18,Sunday,2019-08-18,0.0,27.7,10.0
2019,8月19日(月),35922,○,2 - 1,西武,松本,2:59,京セラD大阪,2019-08-19,Monday,2019-08-19,0.0,27.3,10.0
2019,8月21日(水),39553,●,4 - 14,オリックス,高橋礼,3:19,ヤフオクドーム,2019-08-21,Wednesday,2019-08-21,0.5,29.2,6.8
2019,8月22日(木),38293,○,5 - 1,オリックス,和田,2:53,ヤフオクドーム,2019-08-22,Thursday,2019-08-22,5.0,29.1,8.0
2019,9月3日(火),35500,○,3 - 2,楽天,高橋礼,2:56,ヤフオクドーム,2019-09-03,Tuesday,2019-09-03,0.5,27.5,7.0
2019,9月4日(水),36543,○,5 - 1,楽天,ミランダ,2:46,ヤフオクドーム,2019-09-04,Wednesday,2019-09-04,0.0,27.2,9.5
2019,9月5日(木),35805,○,3 - 2,楽天,中田,3:22,ヤフオクドーム,2019-09-05,Thursday,2019-09-05,1.0,28.4,8.3
2019,9月6日(金),37520,○,2 - 0,ロッテ,千賀,2:39,ヤフオクドーム,2019-09-06,Friday,2019-09-06,0.0,29.8,9.0
2019,9月7日(土),40178,●,0 - 4,ロッテ,和田,3:16,ヤフオクドーム,2019-09-07,Saturday,2019-09-07,0.0,29.3,10.0
2019,9月8日(日),40178,○,9 - 6,ロッテ,武田,3:35,ヤフオクドーム,2019-09-08,Sunday,2019-09-08,0.5,28.9,5.8
2019,9月9日(月),38280,●,6 - 11,ロッテ,松田遼,3:47,ヤフオクドーム,2019-09-09,Monday,2019-09-09,0.0,30.0,3.3
2019,9月18日(水),38068,●,2 - 6,楽天,高橋礼,4:02,ヤフオクドーム,2019-09-18,Wednesday,2019-09-18,0.0,25.5,1.0
2019,9月19日(木),37842,○,4 - 3,オリックス,千賀,3:32,ヤフオクドーム,2019-09-19,Thursday,2019-09-19,0.0,24.0,2.3
2019,9月20日(金),37768,○,1 - 0,日本ハム,バンデンハーク,2:48,ヤフオクドーム,2019-09-20,Friday,2019-09-20,7.0,19.9,6.3
2019,9月21日(土),40178,●,1 - 8,日本ハム,二保,3:26,ヤフオクドーム,2019-09-21,Saturday,2019-09-21,0.0,22.5,10.0
2020,6月19日(金),0,○,2 - 1,ロッテ,東浜,3:47,PayPayドーム,2020-06-19,Friday,2020-06-19,34.0,21.7,8.0
2020,6月20日(土),0,●,2 - 3,ロッテ,和田,3:18,PayPayドーム,2020-06-20,Saturday,2020-06-20,0.0,22.5,9.0
2020,6月21日(日),0,●,1 - 5,ロッテ,二保,3:35,PayPayドーム,2020-06-21,Sunday,2020-06-21,0.0,23.7,5.0
2020,7月7日(火),0,○,4 - 3,楽天,千賀,2:51,PayPayドーム,2020-07-07,Tuesday,2020-07-07,167.0,23.1,10.0
2020,7月8日(水),0,●,8 - 12,楽天,笠谷,4:04,PayPayドーム,2020-07-08,Wednesday,2020-07-08,11.0,24.4,10.0
2020,7月9日(木),0,●,1 - 9,楽天,バンデンハーク,3:06,PayPayドーム,2020-07-09,Thursday,2020-07-09,44.0,24.7,10.0
2020,7月10日(金),1839,○,2 - 1,楽天,東浜,3:24,PayPayドーム,2020-07-10,Friday,2020-07-10,25.0,25.2,10.0
2020,7月11日(土),3419,○,8 - 4,楽天,二保,3:03,PayPayドーム,2020-07-11,Saturday,2020-07-11,0.0,25.5,10.0
2020,7月12日(日),4873,○,6 - 1,楽天,石川,2:28,PayPayドーム,2020-07-12,Sunday,2020-07-12,8.0,23.3,10.0
2020,7月21日(火),3760,●,1 - 2,日本ハム,千賀,3:25,PayPayドーム,2020-07-21,Tuesday,2020-07-21,0.5,28.7,10.0
2020,7月22日(水),3961,○,3 - 2,日本ハム,和田,3:27,PayPayドーム,2020-07-22,Wednesday,2020-07-22,7.0,28.2,10.0
2020,7月23日(木),4645,●,2 - 3,日本ハム,笠谷,2:53,PayPayドーム,2020-07-23,Thursday,2020-07-23,5.5,26.6,9.8
2020,7月24日(金),4872,○,4 - 1,日本ハム,東浜,3:04,PayPayドーム,2020-07-24,Friday,2020-07-24,46.5,26.6,8.8
2020,7月25日(土),4978,●,7 - 9,日本ハム,石川,3:30,PayPayドーム,2020-07-25,Saturday,2020-07-25,0.0,25.5,9.0
2020,7月26日(日),4962,○,6 - 1,日本ハム,二保,3:29,PayPayドーム,2020-07-26,Sunday,2020-07-26,48.0,25.8,9.0
2020,7月28日(火),4215,○,9 - 4,西武,千賀,3:15,PayPayドーム,2020-07-28,Tuesday,2020-07-28,6.0,27.2,9.5
2020,7月29日(水),4194,○,4 - 2,西武,和田,2:48,PayPayドーム,2020-07-29,Wednesday,2020-07-29,63.5,27.0,7.5
2020,7月30日(木),4319,●,0 - 6,西武,板東,3:03,PayPayドーム,2020-07-30,Thursday,2020-07-30,0.0,28.5,3.8
2020,7月31日(金),4647,○,5 - 4,西武,東浜,2:48,PayPayドーム,2020-07-31,Friday,2020-07-31,0.0,28.7,7.5
2020,8月1日(土),4984,○,4 - 0,西武,石川,2:21,PayPayドーム,2020-08-01,Saturday,2020-08-01,0.0,28.6,9.3
2020,8月2日(日),0,-,中止,西武,,,PayPayドーム,2020-08-02,Sunday,2020-08-02,0.0,29.3,8.5
2020,8月11日(火),4980,○,8 - 7,オリックス,千賀,3:48,PayPayドーム,2020-08-11,Tuesday,2020-08-11,43.0,27.8,9.5
2020,8月12日(水),4951,○,6 - 0,オリックス,和田,3:00,PayPayドーム,2020-08-12,Wednesday,2020-08-12,0.0,30.9,8.0
2020,8月13日(木),4983,○,3 - 1,オリックス,大竹,3:05,PayPayドーム,2020-08-13,Thursday,2020-08-13,0.0,31.0,2.5
2020,8月14日(金),4983,○,4 - 1,オリックス,東浜,2:58,PayPayドーム,2020-08-14,Friday,2020-08-14,0.0,32.0,1.0
2020,8月15日(土),4992,●,2 - 8,オリックス,二保,3:43,PayPayドーム,2020-08-15,Saturday,2020-08-15,0.0,31.2,0.0
2020,8月16日(日),4994,○,6 - 2,オリックス,石川,3:19,PayPayドーム,2020-08-16,Sunday,2020-08-16,0.0,30.6,0.8
2020,8月25日(火),4914,○,4 - 0,オリックス,千賀,2:59,PayPayドーム,2020-08-25,Tuesday,2020-08-25,0.0,32.3,2.3
2020,8月26日(水),4923,○,4 - 3,オリックス,和田,3:16,PayPayドーム,2020-08-26,Wednesday,2020-08-26,0.0,30.8,6.8
2020,8月27日(木),4807,○,4 - 2,オリックス,笠谷,2:39,PayPayドーム,2020-08-27,Thursday,2020-08-27,0.0,29.7,10.0
2020,8月28日(金),4923,○,9 - 1,日本ハム,武田,3:30,PayPayドーム,2020-08-28,Friday,2020-08-28,0.0,29.7,7.5
2020,8月29日(土),4996,○,3 - 0,日本ハム,ムーア,3:23,PayPayドーム,2020-08-29,Saturday,2020-08-29,0.0,30.8,2.8
2020,8月30日(日),4993,○,8 - 5,日本ハム,石川,3:28,PayPayドーム,2020-08-30,Sunday,2020-08-30,0.0,30.9,3.0
2020,9月4日(金),4907,●,3 - 4,ロッテ,ムーア,3:41,PayPayドーム,2020-09-04,Friday,2020-09-04,0.0,27.0,8.8
2020,9月5日(土),4986,●,4 - 5,ロッテ,武田,3:40,PayPayドーム,2020-09-05,Saturday,2020-09-05,12.0,25.2,10.0
2020,9月6日(日),4195,●,2 - 4,ロッテ,石川,3:09,PayPayドーム,2020-09-06,Sunday,2020-09-06,8.0,26.1,10.0
2020,9月11日(金),4985,○,4 - 2,西武,ムーア,2:21,PayPayドーム,2020-09-11,Friday,2020-09-11,28.5,25.3,10.0
2020,9月12日(土),4988,○,8 - 4,西武,武田,3:10,PayPayドーム,2020-09-12,Saturday,2020-09-12,82.5,23.6,10.0
2020,9月13日(日),4983,●,0 - 1,西武,石川,2:53,PayPayドーム,2020-09-13,Sunday,2020-09-13,0.0,23.8,5.8
2020,9月18日(金),4988,○,9 - 3,楽天,ムーア,4:02,PayPayドーム,2020-09-18,Friday,2020-09-18,29.5,21.2,10.0
2020,9月19日(土),11937,●,1 - 3,楽天,笠谷,3:45,PayPayドーム,2020-09-19,Saturday,2020-09-19,0.0,22.1,7.5
2020,9月20日(日),11972,●,2 - 3,楽天,石川,2:48,PayPayドーム,2020-09-20,Sunday,2020-09-20,0.0,22.0,5.0
2020,9月22日(火),19909,●,0 - 1,オリックス,千賀,2:51,PayPayドーム,2020-09-22,Tuesday,2020-09-22,0.0,22.2,5.3
2020,9月23日(水),18221,●,5 - 10,オリックス,武田,4:18,PayPayドーム,2020-09-23,Wednesday,2020-09-23,0.0,23.6,7.5
2020,9月24日(木),18542,△,3 - 3,オリックス,和田,3:39,PayPayドーム,2020-09-24,Thursday,2020-09-24,21.0,22.0,10.0
2020,10月2日(金),13648,○,7 - 5,日本ハム,ムーア,3:32,PayPayドーム,2020-10-02,Friday,2020-10-02,0.0,22.7,1.5
2020,10月3日(土),19943,○,2 - 1,日本ハム,東浜,2:52,PayPayドーム,2020-10-03,Saturday,2020-10-03,0.0,23.3,9.0
2020,10月4日(日),19957,○,8 - 4,日本ハム,和田,3:22,PayPayドーム,2020-10-04,Sunday,2020-10-04,1.0,23.0,10.0
2020,10月9日(金),16416,●,1 - 3,ロッテ,ムーア,3:14,PayPayドーム,2020-10-09,Friday,2020-10-09,0.0,22.4,7.8
2020,10月10日(土),19234,○,5 - 1,ロッテ,東浜,2:37,PayPayドーム,2020-10-10,Saturday,2020-10-10,9.5,21.1,10.0
2020,10月11日(日),19995,○,3 - 0,ロッテ,和田,3:01,PayPayドーム,2020-10-11,Sunday,2020-10-11,0.0,21.2,10.0
2020,10月16日(金),15887,○,7 - 3,楽天,ムーア,3:17,PayPayドーム,2020-10-16,Friday,2020-10-16,2.0,19.5,9.0
2020,10月17日(土),18013,○,5 - 0,楽天,東浜,2:55,PayPayドーム,2020-10-17,Saturday,2020-10-17,8.5,16.7,7.0
2020,10月18日(日),19657,○,11 - 4,楽天,和田,3:49,PayPayドーム,2020-10-18,Sunday,2020-10-18,0.0,18.3,4.3
2020,10月23日(金),16631,○,8 - 1,西武,石川,3:07,PayPayドーム,2020-10-23,Friday,2020-10-23,0.0,16.2,5.0
2020,10月24日(土),19846,●,1 - 4,西武,東浜,2:58,PayPayドーム,2020-10-24,Saturday,2020-10-24,0.0,15.5,3.3
2020,10月25日(日),19985,○,7 - 2,西武,大竹,3:10,PayPayドーム,2020-10-25,Sunday,2020-10-25,0.0,15.7,2.5
2020,10月27日(火),19988,○,5 - 1,ロッテ,和田,3:19,PayPayドーム,2020-10-27,Tuesday,2020-10-27,0.0,16.9,2.3
2020,10月28日(水),19913,○,2 - 0,ロッテ,千賀,2:41,PayPayドーム,2020-10-28,Wednesday,2020-10-28,0.0,17.5,7.5
2020,10月29日(木),19910,○,4 - 3,ロッテ,ムーア,2:40,PayPayドーム,2020-10-29,Thursday,2020-10-29,0.0,18.1,4.5
2020,11月9日(月),19980,○,6 - 2,西武,ムーア,2:49,PayPayドーム,2020-11-09,Monday,2020-11-09,0.0,14.0,0.8
2021,3月26日(金),9977,○,8 - 2,ロッテ,石川,2:34,PayPayドーム,2021-03-26,Friday,2021-03-26,0.0,15.1,5.3
2021,3月27日(土),9963,○,3 - 2,ロッテ,高橋礼,3:35,PayPayドーム,2021-03-27,Saturday,2021-03-27,0.0,18.6,7.5
2021,3月28日(日),9981,○,6 - 5,ロッテ,和田,3:23,PayPayドーム,2021-03-28,Sunday,2021-03-28,21.5,16.1,7.3
2021,4月2日(金),9404,●,2 - 6,西武,石川,2:48,PayPayドーム,2021-04-02,Friday,2021-04-02,0.0,20.6,9.3
2021,4月3日(土),9880,●,4 - 7,西武,高橋礼,3:33,PayPayドーム,2021-04-03,Saturday,2021-04-03,0.0,21.7,9.5
2021,4月4日(日),9902,●,2 - 4,西武,和田,3:42,PayPayドーム,2021-04-04,Sunday,2021-04-04,9.0,16.0,10.0
2021,4月13日(火),9086,●,4 - 7,オリックス,笠谷,3:32,PayPayドーム,2021-04-13,Tuesday,2021-04-13,4.0,17.2,8.3
2021,4月14日(水),9229,○,4 - 1,オリックス,和田,3:07,PayPayドーム,2021-04-14,Wednesday,2021-04-14,0.0,13.4,7.3
2021,4月15日(木),9007,○,4 - 3,オリックス,武田,3:01,PayPayドーム,2021-04-15,Thursday,2021-04-15,0.0,14.6,9.3
2021,4月20日(火),9801,○,6 - 4,楽天,笠谷,3:18,北九州,2021-04-20,Tuesday,2021-04-20,0.0,16.4,0.3
2021,4月21日(水),12049,○,4 - 1,楽天,和田,2:47,PayPayドーム,2021-04-21,Wednesday,2021-04-21,0.0,18.2,6.5
2021,4月27日(火),10583,●,2 - 7,日本ハム,笠谷,3:28,PayPayドーム,2021-04-27,Tuesday,2021-04-27,0.0,17.9,10.0
2021,4月28日(水),12763,●,3 - 4,日本ハム,和田,3:32,PayPayドーム,2021-04-28,Wednesday,2021-04-28,9.0,17.8,10.0
2021,4月29日(木),15693,○,2 - 1,日本ハム,武田,2:40,PayPayドーム,2021-04-29,Thursday,2021-04-29,36.0,17.3,7.5
2021,5月3日(月),18382,●,4 - 7,楽天,二保,3:29,PayPayドーム,2021-05-03,Monday,2021-05-03,0.0,15.5,1.8
2021,5月4日(火),18584,○,6 - 4,楽天,笠谷,3:18,PayPayドーム,2021-05-04,Tuesday,2021-05-04,0.5,18.8,7.5
2021,5月5日(水),17902,△,5 - 5,楽天,和田,3:28,PayPayドーム,2021-05-05,Wednesday,2021-05-05,7.0,19.3,5.0
2021,5月7日(金),11374,△,2 - 2,西武,石川,2:40,PayPayドーム,2021-05-07,Friday,2021-05-07,0.0,20.7,5.3
2021,5月8日(土),17688,●,0 - 2,西武,マルティネス,3:07,PayPayドーム,2021-05-08,Saturday,2021-05-08,0.0,21.2,7.5
2021,5月9日(日),17783,○,3 - 1,西武,松本,3:08,PayPayドーム,2021-05-09,Sunday,2021-05-09,0.0,21.1,0.0
2021,5月11日(火),8513,●,1 - 4,ロッテ,武田,3:23,PayPayドーム,2021-05-11,Tuesday,2021-05-11,0.0,20.6,10.0
2021,5月12日(水),8778,△,8 - 8,ロッテ,和田,3:52,PayPayドーム,2021-05-12,Wednesday,2021-05-12,13.0,18.3,10.0
2021,5月22日(土),0,○,7 - 2,オリックス,マルティネス,2:55,PayPayドーム,2021-05-22,Saturday,2021-05-22,0.0,19.9,5.5
2021,5月23日(日),0,○,7 - 2,オリックス,和田,2:52,PayPayドーム,2021-05-23,Sunday,2021-05-23,0.0,21.8,2.5
2021,5月28日(金),0,○,9 - 3,巨人,石川,2:55,PayPayドーム,2021-05-28,Friday,2021-05-28,0.0,22.4,9.3
2021,5月29日(土),0,○,8 - 3,巨人,マルティネス,2:44,PayPayドーム,2021-05-29,Saturday,2021-05-29,0.0,21.3,2.0
2021,5月30日(日),0,●,3 - 4,巨人,和田,3:33,PayPayドーム,2021-05-30,Sunday,2021-05-30,0.0,21.5,2.0
2021,6月8日(火),0,△,1 - 1,広島,武田,2:36,PayPayドーム,2021-06-08,Tuesday,2021-06-08,0.0,25.0,6.5
2021,6月9日(水),0,○,8 - 4,広島,東浜,3:05,PayPayドーム,2021-06-09,Wednesday,2021-06-09,0.0,25.1,5.8
2021,6月10日(木),0,△,1 - 1,広島,レイ,2:39,PayPayドーム,2021-06-10,Thursday,2021-06-10,0.0,26.9,8.3
2021,6月11日(金),0,●,0 - 1,ヤクルト,石川,2:45,PayPayドーム,2021-06-11,Friday,2021-06-11,6.0,24.7,10.0
2021,6月12日(土),0,●,2 - 4,ヤクルト,マルティネス,3:20,PayPayドーム,2021-06-12,Saturday,2021-06-12,2.5,26.0,10.0
2021,6月13日(日),0,●,4 - 6,ヤクルト,和田,3:11,PayPayドーム,2021-06-13,Sunday,2021-06-13,1.0,24.6,9.5
2021,6月18日(金),0,●,1 - 2,日本ハム,石川,3:04,PayPayドーム,2021-06-18,Friday,2021-06-18,17.5,22.8,10.0
2021,6月19日(土),0,△,5 - 5,日本ハム,マルティネス,3:59,PayPayドーム,2021-06-19,Saturday,2021-06-19,1.0,23.6,8.0
2021,6月20日(日),0,△,1 - 1,日本ハム,和田,3:06,PayPayドーム,2021-06-20,Sunday,2021-06-20,0.0,23.9,7.8
2021,6月28日(月),4740,●,2 - 5,西武,レイ,2:59,京セラD大阪,2021-06-28,Monday,2021-06-28,0.0,25.7,7.8
2021,6月30日(水),4897,○,9 - 1,西武,東浜,3:17,北九州,2021-06-30,Wednesday,2021-06-30,0.0,25.9,9.3
2021,7月1日(木),5998,●,0 - 1,西武,武田,2:38,PayPayドーム,2021-07-01,Thursday,2021-07-01,0.0,28.1,3.8
2021,7月9日(金),6916,●,0 - 8,オリックス,武田,3:10,PayPayドーム,2021-07-09,Friday,2021-07-09,28.5,27.3,9.8
2021,7月10日(土),8289,○,3 - 1,オリックス,マルティネス,3:23,PayPayドーム,2021-07-10,Saturday,2021-07-10,2.5,27.0,10.0
2021,7月11日(日),7925,○,7 - 4,オリックス,和田,3:25,PayPayドーム,2021-07-11,Sunday,2021-07-11,0.0,28.2,7.5
2021,7月12日(月),9957,○,8 - 0,楽天,レイ,2:58,PayPayドーム,2021-07-12,Monday,2021-07-12,0.0,29.0,8.0
2021,7月13日(火),9845,●,2 - 6,楽天,石川,3:04,PayPayドーム,2021-07-13,Tuesday,2021-07-13,0.0,29.3,7.8
2021,7月14日(水),9930,●,2 - 4,楽天,東浜,3:34,PayPayドーム,2021-07-14,Wednesday,2021-07-14,0.0,29.7,3.0
2021,8月13日(金),6150,○,3 - 0,日本ハム,石川,2:37,PayPayドーム,2021-08-13,Friday,2021-08-13,108.5,24.1,10.0
2021,8月14日(土),5326,○,2 - 0,日本ハム,東浜,2:59,PayPayドーム,2021-08-14,Saturday,2021-08-14,231.5,23.4,10.0
2021,8月15日(日),5361,△,0 - 0,日本ハム,スチュワート・ジュニア,2:37,PayPayドーム,2021-08-15,Sunday,2021-08-15,0.5,25.4,9.5
2021,8月20日(金),0,●,3 - 5,ロッテ,マルティネス,2:52,PayPayドーム,2021-08-20,Friday,2021-08-20,0.0,26.6,5.8
2021,8月21日(土),0,●,6 - 8,ロッテ,石川,3:38,PayPayドーム,2021-08-21,Saturday,2021-08-21,30.0,27.5,9.8
2021,8月22日(日),0,○,4 - 2,ロッテ,スチュワート・ジュニア,3:23,PayPayドーム,2021-08-22,Sunday,2021-08-22,35.5,26.6,10.0
2021,8月31日(火),7484,●,3 - 6,楽天,東浜,3:23,宮崎,2021-08-31,Tuesday,2021-08-31,0.0,29.0,4.8
2021,9月2日(木),1630,○,5 - 2,楽天,千賀,2:59,PayPayドーム,2021-09-02,Thursday,2021-09-02,29.5,26.9,9.3
2021,9月3日(金),2383,●,1 - 2,オリックス,マルティネス,3:05,PayPayドーム,2021-09-03,Friday,2021-09-03,143.5,25.9,10.0
2021,9月4日(土),3405,○,11 - 4,オリックス,石川,2:58,PayPayドーム,2021-09-04,Saturday,2021-09-04,0.5,26.1,9.5
2021,9月5日(日),3155,○,12 - 4,オリックス,和田,3:18,PayPayドーム,2021-09-05,Sunday,2021-09-05,0.0,25.7,10.0
2021,9月14日(火),2145,●,1 - 3,ロッテ,千賀,2:58,PayPayドーム,2021-09-14,Tuesday,2021-09-14,29.0,23.3,10.0
2021,9月15日(水),2043,●,4 - 5,ロッテ,スチュワート・ジュニア,4:01,PayPayドーム,2021-09-15,Wednesday,2021-09-15,0.0,24.5,10.0
2021,9月16日(木),1912,△,1 - 1,ロッテ,マルティネス,3:35,PayPayドーム,2021-09-16,Thursday,2021-09-16,0.0,27.3,10.0
2021,9月24日(金),2522,●,1 - 4,日本ハム,杉山,3:10,PayPayドーム,2021-09-24,Friday,2021-09-24,0.0,23.6,4.8
2021,9月25日(土),3772,○,4 - 2,日本ハム,石川,3:06,PayPayドーム,2021-09-25,Saturday,2021-09-25,0.0,24.2,7.0
2021,9月26日(日),3811,○,4 - 1,日本ハム,笠谷,3:20,PayPayドーム,2021-09-26,Sunday,2021-09-26,0.0,24.5,9.5
2021,9月28日(火),3559,○,5 - 2,西武,千賀,3:08,PayPayドーム,2021-09-28,Tuesday,2021-09-28,0.0,26.5,9.8
2021,9月29日(水),3488,○,9 - 0,西武,マルティネス,2:53,PayPayドーム,2021-09-29,Wednesday,2021-09-29,0.0,27.9,8.0
2021,9月30日(木),3758,●,7 - 8,西武,杉山,4:28,PayPayドーム,2021-09-30,Thursday,2021-09-30,0.0,26.1,7.3
2021,10月5日(火),8019,△,7 - 7,楽天,東浜,4:21,PayPayドーム,2021-10-05,Tuesday,2021-10-05,0.0,25.0,0.5
2021,10月6日(水),8233,●,0 - 5,楽天,マルティネス,3:46,PayPayドーム,2021-10-06,Wednesday,2021-10-06,0.0,24.4,0.0
2021,10月9日(土),9687,●,2 - 6,オリックス,笠谷,3:22,PayPayドーム,2021-10-09,Saturday,2021-10-09,0.0,27.2,1.8
2021,10月10日(日),9914,○,3 - 1,オリックス,千賀,3:08,PayPayドーム,2021-10-10,Sunday,2021-10-10,0.0,27.2,3.5
2021,10月19日(火),14607,○,6 - 0,ロッテ,千賀,3:14,PayPayドーム,2021-10-19,Tuesday,2021-10-19,0.5,18.0,3.5
2021,10月21日(木),14877,△,2 - 2,日本ハム,マルティネス,3:06,PayPayドーム,2021-10-21,Thursday,2021-10-21,0.0,16.0,10.0
2022,3月25日(金),35141,○,4 - 1,日本ハム,千賀,3:25,PayPayドーム,2022-03-25,Friday,2022-03-25,0.0,14.8,5.8
2022,3月26日(土),33380,○,6 - 3,日本ハム,東浜,3:04,PayPayドーム,2022-03-26,Saturday,2022-03-26,6.5,16.5,10.0
2022,3月27日(日),32096,○,6 - 4,日本ハム,杉山,3:17,PayPayドーム,2022-03-27,Sunday,2022-03-27,0.0,15.5,8.3
2022,4月5日(火),25363,○,6 - 3,オリックス,石川,3:34,PayPayドーム,2022-04-05,Tuesday,2022-04-05,0.0,13.3,5.5
2022,4月6日(水),23095,●,1 - 3,オリックス,和田,3:38,PayPayドーム,2022-04-06,Wednesday,2022-04-06,0.0,15.4,7.3
2022,4月7日(木),21949,○,7 - 3,オリックス,レイ,3:08,PayPayドーム,2022-04-07,Thursday,2022-04-07,0.0,16.2,4.0
2022,4月12日(火),16382,●,0 - 3,ロッテ,田上,2:51,長崎,2022-04-12,Tuesday,2022-04-12,0.5,20.1,5.5
2022,4月14日(木),26806,○,4 - 0,ロッテ,千賀,2:53,PayPayドーム,2022-04-14,Thursday,2022-04-14,60.0,15.4,10.0
2022,4月16日(土),18709,●,5 - 6,楽天,レイ,3:38,北九州,2022-04-16,Saturday,2022-04-16,0.0,13.4,7.0
2022,4月17日(日),17796,●,4 - 14,楽天,東浜,3:31,鹿児島,2022-04-17,Sunday,2022-04-17,0.0,14.9,1.0
2022,4月26日(火),26041,○,3 - 0,西武,石川,2:57,PayPayドーム,2022-04-26,Tuesday,2022-04-26,34.0,23.4,10.0
2022,4月27日(水),27526,●,2 - 8,西武,杉山,3:03,PayPayドーム,2022-04-27,Wednesday,2022-04-27,0.5,19.2,10.0
2022,4月28日(木),30505,●,2 - 4,西武,レイ,3:22,PayPayドーム,2022-04-28,Thursday,2022-04-28,0.0,18.5,2.5
2022,5月3日(火),33102,○,7 - 3,オリックス,石川,3:39,PayPayドーム,2022-05-03,Tuesday,2022-05-03,0.0,16.3,0.0
2022,5月4日(水),31736,○,2 - 1,オリックス,東浜,3:12,PayPayドーム,2022-05-04,Wednesday,2022-05-04,0.0,17.6,2.8
2022,5月5日(木),30254,○,9 - 3,オリックス,和田,3:04,PayPayドーム,2022-05-05,Thursday,2022-05-05,0.0,20.5,4.5
2022,5月10日(火),0,-,中止,西武,,,宮崎,2022-05-10,Tuesday,2022-05-10,0.5,20.0,9.8
2022,5月11日(水),27420,○,2 - 0,西武,東浜,2:37,PayPayドーム,2022-05-11,Wednesday,2022-05-11,6.0,21.1,10.0
2022,5月20日(金),36956,●,1 - 8,ロッテ,千賀,3:35,PayPayドーム,2022-05-20,Friday,2022-05-20,0.0,21.2,10.0
2022,5月21日(土),31549,●,2 - 4,ロッテ,大関,3:47,PayPayドーム,2022-05-21,Saturday,2022-05-21,0.0,21.0,1.5
2022,5月22日(日),34933,○,3 - 2,ロッテ,和田,2:36,PayPayドーム,2022-05-22,Sunday,2022-05-22,0.0,23.4,0.3
2022,5月27日(金),32823,○,7 - 0,広島,レイ,2:57,PayPayドーム,2022-05-27,Friday,2022-05-27,0.0,23.5,2.0
2022,5月28日(土),35544,○,11 - 1,広島,大関,2:45,PayPayドーム,2022-05-28,Saturday,2022-05-28,0.0,24.2,6.8
2022,5月29日(日),36167,○,8 - 0,広島,和田,2:55,PayPayドーム,2022-05-29,Sunday,2022-05-29,0.0,23.8,7.5
2022,6月7日(火),29448,●,0 - 2,阪神,石川,3:04,PayPayドーム,2022-06-07,Tuesday,2022-06-07,0.0,21.0,7.5
2022,6月8日(水),30404,○,1 - 0,阪神,東浜,3:13,PayPayドーム,2022-06-08,Wednesday,2022-06-08,0.0,21.1,3.3
2022,6月9日(木),29675,○,4 - 0,阪神,レイ,3:07,PayPayドーム,2022-06-09,Thursday,2022-06-09,0.0,21.8,5.0
2022,6月10日(金),30026,●,1 - 3,ヤクルト,千賀,3:08,PayPayドーム,2022-06-10,Friday,2022-06-10,24.5,23.2,7.8
2022,6月11日(土),38683,●,4 - 7,ヤクルト,大関,3:17,PayPayドーム,2022-06-11,Saturday,2022-06-11,4.0,21.7,8.3
2022,6月12日(日),38777,●,0 - 3,ヤクルト,和田,2:52,PayPayドーム,2022-06-12,Sunday,2022-06-12,0.0,22.4,9.0
2022,6月17日(金),31322,○,9 - 4,楽天,千賀,3:18,PayPayドーム,2022-06-17,Friday,2022-06-17,0.0,25.7,8.3
2022,6月18日(土),31057,○,3 - 1,楽天,大関,3:26,PayPayドーム,2022-06-18,Saturday,2022-06-18,0.0,26.2,5.8
2022,6月19日(日),31595,○,4 - 1,楽天,和田,2:37,PayPayドーム,2022-06-19,Sunday,2022-06-19,0.0,26.1,7.3
2022,6月24日(金),33481,○,5 - 1,日本ハム,千賀,3:17,PayPayドーム,2022-06-24,Friday,2022-06-24,0.0,29.2,9.5
2022,6月25日(土),35637,○,3 - 0,日本ハム,大関,2:47,PayPayドーム,2022-06-25,Saturday,2022-06-25,16.0,25.6,10.0
2022,6月26日(日),34087,●,2 - 3,日本ハム,レイ,3:57,PayPayドーム,2022-06-26,Sunday,2022-06-26,0.0,28.3,7.5
2022,6月27日(月),41791,●,1 - 8,ロッテ,大竹耕,3:13,東京ドーム,2022-06-27,Monday,2022-06-27,0.0,30.1,10.0
2022,7月8日(金),33147,●,2 - 4,日本ハム,レイ,4:12,PayPayドーム,2022-07-08,Friday,2022-07-08,2.0,30.0,9.0
2022,7月9日(土),37596,●,2 - 7,日本ハム,東浜,3:29,PayPayドーム,2022-07-09,Saturday,2022-07-09,0.5,28.7,4.5
2022,7月10日(日),36543,●,0 - 2,日本ハム,石川,3:07,PayPayドーム,2022-07-10,Sunday,2022-07-10,0.0,28.4,6.8
2022,7月12日(火),30516,●,2 - 4,オリックス,大関,3:11,PayPayドーム,2022-07-12,Tuesday,2022-07-12,0.0,27.9,9.0
2022,7月13日(水),29523,○,4 - 2,オリックス,千賀,2:21,PayPayドーム,2022-07-13,Wednesday,2022-07-13,0.0,27.7,8.5
2022,7月14日(木),29318,●,2 - 3,オリックス,レイ,2:40,PayPayドーム,2022-07-14,Thursday,2022-07-14,0.5,30.3,10.0
2022,7月20日(水),16725,●,3 - 17,楽天,大関,3:39,北九州,2022-07-20,Wednesday,2022-07-20,0.0,28.2,6.3
2022,7月21日(木),29254,○,7 - 0,楽天,千賀,3:27,PayPayドーム,2022-07-21,Thursday,2022-07-21,0.0,30.6,6.8
2022,7月29日(金),34651,●,2 - 5,西武,千賀,3:19,PayPayドーム,2022-07-29,Friday,2022-07-29,0.0,31.4,2.0
2022,7月30日(土),32535,●,0 - 6,西武,大関,3:14,PayPayドーム,2022-07-30,Saturday,2022-07-30,0.0,31.0,9.5
2022,7月31日(日),32380,○,4 - 2,西武,和田,3:23,PayPayドーム,2022-07-31,Sunday,2022-07-31,0.0,31.1,8.5
2022,8月5日(金),27439,○,7 - 3,楽天,杉山,3:54,PayPayドーム,2022-08-05,Friday,2022-08-05,0.0,31.1,4.5
2022,8月6日(土),29578,○,9 - 1,楽天,武田,3:36,PayPayドーム,2022-08-06,Saturday,2022-08-06,4.0,30.0,7.3
2022,8月7日(日),29544,●,2 - 7,楽天,和田,3:27,PayPayドーム,2022-08-07,Sunday,2022-08-07,6.0,30.4,5.8
2022,8月12日(金),32339,●,3 - 6,オリックス,杉山,3:27,PayPayドーム,2022-08-12,Friday,2022-08-12,3.5,29.5,10.0
2022,8月13日(土),32513,○,5 - 4,オリックス,武田,3:41,PayPayドーム,2022-08-13,Saturday,2022-08-13,7.0,30.2,8.8
2022,8月14日(日),33124,●,2 - 10,オリックス,和田,2:53,PayPayドーム,2022-08-14,Sunday,2022-08-14,0.0,31.5,5.8
2022,8月19日(金),32806,○,7 - 2,日本ハム,板東,3:03,PayPayドーム,2022-08-19,Friday,2022-08-19,0.0,30.4,8.0
2022,8月20日(土),32247,○,9 - 3,日本ハム,武田,3:43,PayPayドーム,2022-08-20,Saturday,2022-08-20,0.0,31.7,9.5
2022,8月21日(日),35191,○,5 - 1,日本ハム,和田,2:45,PayPayドーム,2022-08-21,Sunday,2022-08-21,125.5,28.9,7.3
2022,8月29日(月),35097,●,2 - 3,ロッテ,奥村,3:06,京セラD大阪,2022-08-29,Monday,2022-08-29,0.0,27.9,6.0
2022,8月31日(水),28304,●,0 - 3,ロッテ,石川,3:07,PayPayドーム,2022-08-31,Wednesday,2022-08-31,0.0,29.3,8.8
2022,9月1日(木),26007,●,0 - 7,ロッテ,レイ,3:20,PayPayドーム,2022-09-01,Thursday,2022-09-01,26.0,25.7,10.0
2022,9月2日(金),28308,○,4 - 0,西武,東浜,3:32,PayPayドーム,2022-09-02,Friday,2022-09-02,14.0,24.5,10.0
2022,9月3日(土),32954,○,5 - 2,西武,板東,3:10,PayPayドーム,2022-09-03,Saturday,2022-09-03,16.0,25.2,9.8
2022,9月4日(日),33742,●,1 - 4,西武,千賀,3:33,PayPayドーム,2022-09-04,Sunday,2022-09-04,0.0,29.2,9.0
2022,9月6日(火),25851,○,4 - 2,楽天,和田,2:36,PayPayドーム,2022-09-06,Tuesday,2022-09-06,20.0,26.5,8.3
2022,9月7日(水),28441,●,3 - 4,楽天,石川,3:08,PayPayドーム,2022-09-07,Wednesday,2022-09-07,0.0,24.8,4.8
2022,9月8日(木),30452,●,3 - 7,楽天,レイ,3:12,PayPayドーム,2022-09-08,Thursday,2022-09-08,0.0,25.6,7.0
2022,9月12日(月),35642,○,7 - 5,西武,東浜,4:06,PayPayドーム,2022-09-12,Monday,2022-09-12,0.0,29.4,9.5
2022,9月13日(火),34614,○,9 - 0,西武,奥村,3:17,PayPayドーム,2022-09-13,Tuesday,2022-09-13,1.5,29.1,10.0
2022,9月14日(水),31858,○,6 - 1,西武,石川,2:45,PayPayドーム,2022-09-14,Wednesday,2022-09-14,0.0,30.0,7.5
2022,9月23日(金),34563,●,3 - 6,ロッテ,和田,4:02,PayPayドーム,2022-09-23,Friday,2022-09-23,0.0,23.7,9.5
2022,9月24日(土),38250,○,6 - 0,ロッテ,板東,2:58,PayPayドーム,2022-09-24,Saturday,2022-09-24,0.0,22.9,9.5
2022,9月25日(日),36028,○,10 - 0,ロッテ,千賀,3:01,PayPayドーム,2022-09-25,Sunday,2022-09-25,0.0,23.2,9.5
2022,9月26日(月),39562,○,2 - 1,ロッテ,東浜,3:15,PayPayドーム,2022-09-26,Monday,2022-09-26,2.0,23.8,10.0
2023,3月31日(金),40062,○,4 - 0,ロッテ,大関,3:03,PayPayドーム,2023-03-31,Friday,2023-03-31,0.0,17.8,7.3
2023,4月1日(土),37331,○,7 - 0,ロッテ,藤井,3:01,PayPayドーム,2023-04-01,Saturday,2023-04-01,0.0,17.3,6.0
2023,4月2日(日),38499,○,5 - 3,ロッテ,東浜,3:20,PayPayドーム,2023-04-02,Sunday,2023-04-02,0.0,15.9,1.3
2023,4月8日(土),21668,●,0 - 3,西武,大関,2:52,宮崎,2023-04-08,Saturday,2023-04-08,0.0,13.2,2.3
2023,4月9日(日),19003,○,3 - 1,西武,藤井,3:23,鹿児島,2023-04-09,Sunday,2023-04-09,0.0,13.4,1.8
2023,4月11日(火),35619,○,4 - 3,日本ハム,石川,3:28,PayPayドーム,2023-04-11,Tuesday,2023-04-11,0.0,19.1,6.5
2023,4月12日(水),34708,○,5 - 2,日本ハム,東浜,2:59,PayPayドーム,2023-04-12,Wednesday,2023-04-12,15.5,16.5,5.0
2023,4月25日(火),0,-,中止,楽天,,,北九州,2023-04-25,Tuesday,2023-04-25,36.0,12.7,10.0
2023,4月26日(水),34858,○,4 - 2,楽天,和田,2:22,PayPayドーム,2023-04-26,Wednesday,2023-04-26,4.0,15.4,4.3
2023,4月27日(木),35102,○,5 - 3,楽天,森,3:13,PayPayドーム,2023-04-27,Thursday,2023-04-27,0.0,16.3,2.3
2023,5月2日(火),40062,●,0 - 1,オリックス,大関,2:58,PayPayドーム,2023-05-02,Tuesday,2023-05-02,0.0,17.7,5.8
2023,5月3日(水),40002,●,4 - 9,オリックス,武田,3:34,PayPayドーム,2023-05-03,Wednesday,2023-05-03,0.0,19.7,9.0
2023,5月4日(木),40062,○,8 - 7,オリックス,和田,4:14,PayPayドーム,2023-05-04,Thursday,2023-05-04,3.5,20.2,10.0
2023,5月9日(火),14109,○,1 - 0,日本ハム,大関,2:50,熊本,2023-05-09,Tuesday,2023-05-09,0.0,16.6,3.5
2023,5月10日(水),35204,●,3 - 6,日本ハム,森,2:55,PayPayドーム,2023-05-10,Wednesday,2023-05-10,0.0,18.0,5.0
2023,5月11日(木),30762,○,6 - 3,日本ハム,藤井,3:23,PayPayドーム,2023-05-11,Thursday,2023-05-11,0.0,19.1,8.8
2023,5月19日(金),40013,○,5 - 4,西武,石川,3:04,PayPayドーム,2023-05-19,Friday,2023-05-19,18.5,19.1,10.0
2023,5月20日(土),39978,●,0 - 1,西武,東浜,3:19,PayPayドーム,2023-05-20,Saturday,2023-05-20,0.0,19.8,7.3
2023,5月21日(日),40062,○,3 - 1,西武,藤井,3:35,PayPayドーム,2023-05-21,Sunday,2023-05-21,0.0,20.8,1.8
2023,5月27日(土),40062,○,6 - 5,ロッテ,石川,4:10,PayPayドーム,2023-05-27,Saturday,2023-05-27,0.0,24.1,10.0
2023,5月28日(日),40062,●,5 - 9,ロッテ,藤井,3:32,PayPayドーム,2023-05-28,Sunday,2023-05-28,0.0,25.2,10.0
2023,5月30日(火),33791,○,13 - 5,中日,大関,3:20,PayPayドーム,2023-05-30,Tuesday,2023-05-30,58.0,21.3,10.0
2023,5月31日(水),34442,●,1 - 7,中日,東浜,3:24,PayPayドーム,2023-05-31,Wednesday,2023-05-31,23.5,21.7,7.3
2023,6月1日(木),32630,●,5 - 6,中日,ガンケル,3:33,PayPayドーム,2023-06-01,Thursday,2023-06-01,9.0,23.9,9.3
2023,6月6日(火),32027,○,2 - 1,DeNA,有原,3:09,PayPayドーム,2023-06-06,Tuesday,2023-06-06,22.0,19.4,10.0
2023,6月7日(水),32936,○,4 - 0,DeNA,東浜,3:06,PayPayドーム,2023-06-07,Wednesday,2023-06-07,0.0,22.7,9.3
2023,6月8日(木),32995,●,5 - 6,DeNA,森,3:24,PayPayドーム,2023-06-08,Thursday,2023-06-08,14.5,20.3,10.0
2023,6月9日(金),40062,○,5 - 1,巨人,和田,3:05,PayPayドーム,2023-06-09,Friday,2023-06-09,0.0,22.3,8.0
2023,6月10日(土),40062,●,6 - 10,巨人,石川,3:37,PayPayドーム,2023-06-10,Saturday,2023-06-10,0.5,23.3,9.0
2023,6月11日(日),40062,●,2 - 4,巨人,藤井,3:40,PayPayドーム,2023-06-11,Sunday,2023-06-11,0.5,24.4,9.8
2023,6月23日(金),40062,○,7 - 1,オリックス,有原,2:54,PayPayドーム,2023-06-23,Friday,2023-06-23,0.0,24.6,9.3
2023,6月24日(土),39318,○,3 - 2,オリックス,東浜,3:00,PayPayドーム,2023-06-24,Saturday,2023-06-24,0.0,24.1,9.3
2023,6月25日(日),40062,●,2 - 4,オリックス,板東,3:05,PayPayドーム,2023-06-25,Sunday,2023-06-25,27.0,24.7,10.0
2023,6月26日(月),41876,●,1 - 3,楽天,和田,3:08,東京ドーム,2023-06-26,Monday,2023-06-26,6.0,27.0,10.0
2023,6月28日(水),34351,○,3 - 2,楽天,スチュワート・ジュニア,3:24,PayPayドーム,2023-06-28,Wednesday,2023-06-28,1.0,28.5,9.5
2023,6月29日(木),36157,○,3 - 2,楽天,大関,3:15,PayPayドーム,2023-06-29,Thursday,2023-06-29,2.0,28.6,9.0
2023,7月4日(火),33570,●,3 - 10,日本ハム,和田,3:38,PayPayドーム,2023-07-04,Tuesday,2023-07-04,1.5,26.8,9.8
2023,7月5日(水),34434,○,5 - 1,日本ハム,板東,2:43,PayPayドーム,2023-07-05,Wednesday,2023-07-05,10.0,27.9,7.3
2023,7月6日(木),33553,○,4 - 3,日本ハム,大関,3:00,PayPayドーム,2023-07-06,Thursday,2023-07-06,0.0,27.0,4.3
2023,7月10日(月),34408,●,1 - 2,西武,スチュワート・ジュニア,3:29,京セラD大阪,2023-07-10,Monday,2023-07-10,198.0,26.6,8.5
2023,7月12日(水),17861,●,2 - 4,西武,板東,3:19,北九州,2023-07-12,Wednesday,2023-07-12,6.5,29.1,9.3
2023,7月13日(木),38800,●,2 - 4,西武,大関,3:23,PayPayドーム,2023-07-13,Thursday,2023-07-13,0.0,30.3,10.0
2023,7月15日(土),40062,●,2 - 3,オリックス,有原,3:25,PayPayドーム,2023-07-15,Saturday,2023-07-15,0.0,30.7,10.0
2023,7月16日(日),40062,●,1 - 2,オリックス,東浜,2:48,PayPayドーム,2023-07-16,Sunday,2023-07-16,0.0,31.3,5.0
2023,7月17日(月),38890,●,0 - 3,オリックス,スチュワート・ジュニア,2:38,PayPayドーム,2023-07-17,Monday,2023-07-17,0.0,30.5,5.5
2023,7月28日(金),39751,●,5 - 8,ロッテ,東浜,3:17,PayPayドーム,2023-07-28,Friday,2023-07-28,0.0,30.0,10.0
2023,7月29日(土),40062,●,1 - 4,ロッテ,大関,2:53,PayPayドーム,2023-07-29,Saturday,2023-07-29,6.0,30.2,3.0
2023,7月30日(日),39512,○,6 - 5,ロッテ,和田,4:12,PayPayドーム,2023-07-30,Sunday,2023-07-30,0.0,30.2,4.8
2023,8月8日(火),35203,●,3 - 9,楽天,有原,3:48,PayPayドーム,2023-08-08,Tuesday,2023-08-08,0.0,30.5,9.5
2023,8月9日(水),0,-,中止,楽天,,,PayPayドーム,2023-08-09,Wednesday,2023-08-09,58.5,28.3,10.0
2023,8月10日(木),37974,○,11 - 4,楽天,和田,3:22,PayPayドーム,2023-08-10,Thursday,2023-08-10,31.5,28.6,9.5
2023,8月11日(金),34003,○,7 - 4,日本ハム,石川,3:23,PayPayドーム,2023-08-11,Friday,2023-08-11,0.0,29.4,3.5
2023,8月12日(土),35736,●,0 - 9,日本ハム,高橋礼,3:00,PayPayドーム,2023-08-12,Saturday,2023-08-12,0.0,28.9,6.5
2023,8月13日(日),38449,●,3 - 5,日本ハム,スチュワート・ジュニア,3:05,PayPayドーム,2023-08-13,Sunday,2023-08-13,0.0,28.2,5.0
2023,8月18日(金),34747,○,8 - 0,西武,石川,2:36,PayPayドーム,2023-08-18,Friday,2023-08-18,0.0,29.1,9.5
2023,8月19日(土),36050,○,3 - 2,西武,板東,2:37,PayPayドーム,2023-08-19,Saturday,2023-08-19,0.0,30.1,4.5
2023,8月20日(日),35004,●,4 - 6,西武,高橋礼,3:38,PayPayドーム,2023-08-20,Sunday,2023-08-20,0.0,30.1,8.0
2023,8月29日(火),20316,○,7 - 0,オリックス,スチュワート・ジュニア,3:08,長崎,2023-08-29,Tuesday,2023-08-29,0.0,31.0,5.0
2023,8月30日(水),37392,●,4 - 8,オリックス,有原,3:32,PayPayドーム,2023-08-30,Wednesday,2023-08-30,7.0,29.3,5.5
2023,8月31日(木),34816,○,1 - 0,オリックス,和田,2:44,PayPayドーム,2023-08-31,Thursday,2023-08-31,0.0,28.9,8.5
2023,9月5日(火),36046,●,1 - 7,ロッテ,スチュワート・ジュニア,3:40,PayPayドーム,2023-09-05,Tuesday,2023-09-05,30.0,26.7,7.8
2023,9月6日(水),35109,○,3 - 0,ロッテ,有原,2:24,PayPayドーム,2023-09-06,Wednesday,2023-09-06,0.5,26.7,9.5
2023,9月7日(木),36898,○,7 - 3,ロッテ,東浜,3:07,PayPayドーム,2023-09-07,Thursday,2023-09-07,0.0,27.2,3.0
2023,9月8日(金),34795,●,6 - 8,楽天,石川,3:48,PayPayドーム,2023-09-08,Friday,2023-09-08,0.0,26.8,4.3
2023,9月9日(土),38331,○,7 - 2,楽天,和田,3:21,PayPayドーム,2023-09-09,Saturday,2023-09-09,0.0,26.8,2.3
2023,9月10日(日),38139,●,4 - 6,楽天,板東,4:13,PayPayドーム,2023-09-10,Sunday,2023-09-10,0.0,27.2,3.5
2023,9月21日(木),35578,○,4 - 2,ロッテ,有原,2:52,PayPayドーム,2023-09-21,Thursday,2023-09-21,0.0,27.9,9.3
2023,9月23日(土),36804,●,1 - 6,オリックス,森,3:22,PayPayドーム,2023-09-23,Saturday,2023-09-23,0.0,25.3,9.0
2023,9月29日(金),34431,○,1 - 0,西武,有原,2:43,PayPayドーム,2023-09-29,Friday,2023-09-29,0.0,25.7,3.0
2023,9月30日(土),35456,○,3 - 2,日本ハム,板東,3:01,PayPayドーム,2023-09-30,Saturday,2023-09-30,1.0,24.7,5.3
2023,10月1日(日),38748,●,3 - 4,日本ハム,石川,2:52,PayPayドーム,2023-10-01,Sunday,2023-10-01,0.0,23.8,7.0
2023,10月2日(月),37413,○,6 - 0,楽天,大関,3:03,PayPayドーム,2023-10-02,Monday,2023-10-02,0.0,23.0,5.8
2023,10月3日(火),38597,○,7 - 3,楽天,和田,3:03,PayPayドーム,2023-10-03,Tuesday,2023-10-03,0.0,22.3,10.0
2024,4月2日(火),39191,○,2 - 0,ロッテ,大関,2:31,PayPayドーム,2024-04-02,Tuesday,2024-04-02,9.5,18.1,
2024,4月3日(水),38797,●,2 - 4,ロッテ,東浜,4:15,PayPayドーム,2024-04-03,Wednesday,2024-04-03,62.0,17.3,
2024,4月4日(木),38969,○,8 - 1,ロッテ,大津,2:50,PayPayドーム,2024-04-04,Thursday,2024-04-04,1.5,14.8,
2024,4月9日(火),13172,●,2 - 4,日本ハム,有原,3:06,熊本,2024-04-09,Tuesday,2024-04-09,2.5,14.1,
2024,4月11日(木),19438,○,6 - 3,日本ハム,大関,3:29,北九州,2024-04-11,Thursday,2024-04-11,1.5,16.3,
2024,4月19日(金),40142,○,9 - 7,オリックス,東浜,3:46,PayPayドーム,2024-04-19,Friday,2024-04-19,0.0,18.5,
2024,4月20日(土),38814,△,3 - 3,オリックス,モイネロ,4:46,PayPayドーム,2024-04-20,Saturday,2024-04-20,7.5,18.2,
2024,4月21日(日),40142,●,1 - 3,オリックス,スチュワート・ジュニア,2:52,PayPayドーム,2024-04-21,Sunday,2024-04-21,18.0,17.9,
2024,4月27日(土),38189,○,2 - 1,西武,モイネロ,3:25,PayPayドーム,2024-04-27,Saturday,2024-04-27,0.5,19.2,
2024,4月28日(日),39024,○,3 - 2,西武,東浜,4:36,PayPayドーム,2024-04-28,Sunday,2024-04-28,0.0,20.8,
2024,4月29日(月),40142,○,5 - 4,西武,スチュワート・ジュニア,3:06,PayPayドーム,2024-04-29,Monday,2024-04-29,13.5,21.4,
2024,4月30日(火),40142,○,8 - 0,楽天,有原,2:37,PayPayドーム,2024-04-30,Tuesday,2024-04-30,1.0,18.1,
2024,5月1日(水),40142,●,3 - 4,楽天,大関,3:18,PayPayドーム,2024-05-01,Wednesday,2024-05-01,4.0,16.1,
2024,5月6日(月),38785,○,9 - 4,日本ハム,和田,3:00,PayPayドーム,2024-05-06,Monday,2024-05-06,3.5,20.9,
2024,5月7日(火),40065,○,2 - 1,日本ハム,有原,3:47,PayPayドーム,2024-05-07,Tuesday,2024-05-07,0.0,19.3,
2024,5月8日(水),40142,○,3 - 1,日本ハム,石川,2:21,PayPayドーム,2024-05-08,Wednesday,2024-05-08,0.0,16.0,
2024,5月11日(土),25787,○,4 - 1,オリックス,スチュワート・ジュニア,2:49,宮崎,2024-05-11,Saturday,2024-05-11,1.5,22.3,
2024,5月12日(日),0,-,中止,オリックス,,,鹿児島,2024-05-12,Sunday,2024-05-12,30.5,19.7,
2024,5月17日(金),38798,○,6 - 2,西武,モイネロ,3:16,PayPayドーム,2024-05-17,Friday,2024-05-17,0.0,21.1,
2024,5月18日(土),40142,○,3 - 2,西武,大津,2:53,PayPayドーム,2024-05-18,Saturday,2024-05-18,0.0,21.5,
2024,5月19日(日),40142,○,2 - 1,西武,大関,2:37,PayPayドーム,2024-05-19,Sunday,2024-05-19,0.0,23.0,
2024,5月21日(火),40142,○,21 - 0,楽天,有原,2:50,PayPayドーム,2024-05-21,Tuesday,2024-05-21,0.0,21.0,
2024,5月22日(水),33293,○,12 - 0,楽天,和田,2:52,京セラD大阪,2024-05-22,Wednesday,2024-05-22,0.0,21.1,
2024,5月31日(金),39472,○,2 - 1,広島,モイネロ,2:42,PayPayドーム,2024-05-31,Friday,2024-05-31,4.0,19.8,
2024,6月1日(土),39276,○,2 - 0,広島,大津,2:35,PayPayドーム,2024-06-01,Saturday,2024-06-01,0.0,20.9,
2024,6月2日(日),39586,○,5 - 3,広島,和田,3:33,PayPayドーム,2024-06-02,Sunday,2024-06-02,0.0,20.2,
2024,6月11日(火),40142,○,4 - 2,ヤクルト,有原,2:36,PayPayドーム,2024-06-11,Tuesday,2024-06-11,0.0,24.0,
2024,6月12日(水),40142,●,3 - 9,ヤクルト,大津,3:00,PayPayドーム,2024-06-12,Wednesday,2024-06-12,0.0,25.2,
2024,6月13日(木),40142,○,6 - 3,ヤクルト,大関,3:21,PayPayドーム,2024-06-13,Thursday,2024-06-13,0.0,25.9,
2024,6月14日(金),39006,○,2 - 0,阪神,モイネロ,2:31,PayPayドーム,2024-06-14,Friday,2024-06-14,0.0,26.3,
2024,6月15日(土),40142,○,6 - 2,阪神,東浜,3:10,PayPayドーム,2024-06-15,Saturday,2024-06-15,0.0,26.6,
2024,6月16日(日),40142,●,1 - 4,阪神,石川,2:46,PayPayドーム,2024-06-16,Sunday,2024-06-16,0.0,26.4,
2024,6月21日(金),18568,○,9 - 4,ロッテ,スチュワート・ジュニア,3:10,北九州,2024-06-21,Friday,2024-06-21,1.5,24.1,
2024,6月22日(土),38901,○,3 - 1,ロッテ,大津,2:34,PayPayドーム,2024-06-22,Saturday,2024-06-22,14.0,26.9,
2024,6月23日(日),39787,△,6 - 6,ロッテ,モイネロ,4:01,PayPayドーム,2024-06-23,Sunday,2024-06-23,23.5,27.2,
2024,7月2日(火),41968,○,3 - 2,西武,有原,2:56,東京ドーム,2024-07-02,Tuesday,2024-07-02,43.0,28.3,
2024,7月4日(木),38160,●,0 - 4,西武,大関,2:50,PayPayドーム,2024-07-04,Thursday,2024-07-04,0.0,30.6,
2024,7月5日(金),39197,●,1 - 5,楽天,和田,2:57,PayPayドーム,2024-07-05,Friday,2024-07-05,0.0,30.5,
2024,7月6日(土),38974,●,0 - 4,楽天,大津,3:16,PayPayドーム,2024-07-06,Saturday,2024-07-06,0.0,31.5,
2024,7月7日(日),39021,○,5 - 3,楽天,モイネロ,2:52,PayPayドーム,2024-07-07,Sunday,2024-07-07,0.0,31.9,
2024,7月15日(月),39802,●,5 - 8,ロッテ,大関,2:59,PayPayドーム,2024-07-15,Monday,2024-07-15,25.0,25.8,
2024,7月16日(火),39568,○,4 - 1,ロッテ,有原,2:49,PayPayドーム,2024-07-16,Tuesday,2024-07-16,15.0,27.3,
2024,7月17日(水),40142,○,6 - 4,ロッテ,大山,2:51,PayPayドーム,2024-07-17,Wednesday,2024-07-17,0.0,29.7,
2024,7月26日(金),39296,○,5 - 1,オリックス,スチュワート・ジュニア,2:43,PayPayドーム,2024-07-26,Friday,2024-07-26,0.0,31.1,
2024,7月27日(土),40142,○,3 - 0,オリックス,有原,2:24,PayPayドーム,2024-07-27,Saturday,2024-07-27,0.0,32.0,
2024,7月28日(日),40142,○,4 - 1,オリックス,大関,3:01,PayPayドーム,2024-07-28,Sunday,2024-07-28,0.0,31.3,
2024,8月2日(金),40142,○,6 - 4,日本ハム,スチュワート・ジュニア,3:00,PayPayドーム,2024-08-02,Friday,2024-08-02,0.0,32.1,
2024,8月3日(土),40142,●,7 - 8,日本ハム,有原,3:41,PayPayドーム,2024-08-03,Saturday,2024-08-03,0.0,32.3,
2024,8月4日(日),40142,○,3 - 2,日本ハム,大関,2:46,PayPayドーム,2024-08-04,Sunday,2024-08-04,0.0,32.3,
2024,8月10日(土),38955,●,6 - 13,楽天,有原,3:30,PayPayドーム,2024-08-10,Saturday,2024-08-10,0.0,30.6,
2024,8月11日(日),40142,○,5 - 2,楽天,スチュワート・ジュニア,2:59,PayPayドーム,2024-08-11,Sunday,2024-08-11,0.0,29.8,
2024,8月12日(月),39732,○,14 - 4,楽天,大関,3:21,PayPayドーム,2024-08-12,Monday,2024-08-12,0.0,29.6,
2024,8月16日(金),40048,○,4 - 0,ロッテ,有原,2:12,PayPayドーム,2024-08-16,Friday,2024-08-16,0.0,30.1,
2024,8月17日(土),39640,●,2 - 5,ロッテ,スチュワート・ジュニア,2:59,PayPayドーム,2024-08-17,Saturday,2024-08-17,0.0,29.9,
2024,8月18日(日),40021,○,2 - 1,ロッテ,松本晴,3:04,PayPayドーム,2024-08-18,Sunday,2024-08-18,0.0,30.1,
2024,8月27日(火),40142,○,3 - 1,オリックス,モイネロ,3:06,PayPayドーム,2024-08-27,Tuesday,2024-08-27,3.0,31.5,
2024,8月28日(水),18577,●,1 - 4,オリックス,大関,3:04,長崎,2024-08-28,Wednesday,2024-08-28,2.0,28.6,
2024,9月3日(火),40142,●,3 - 6,日本ハム,モイネロ,3:07,PayPayドーム,2024-09-03,Tuesday,2024-09-03,0.0,28.4,
2024,9月4日(水),40142,●,5 - 8,日本ハム,大関,3:30,PayPayドーム,2024-09-04,Wednesday,2024-09-04,0.0,28.1,
2024,9月6日(金),39937,●,0 - 1,西武,有原,3:08,PayPayドーム,2024-09-06,Friday,2024-09-06,0.0,29.0,
2024,9月7日(土),38751,●,2 - 3,西武,スチュワート・ジュニア,3:30,PayPayドーム,2024-09-07,Saturday,2024-09-07,0.0,29.4,
2024,9月8日(日),39199,○,3 - 1,西武,松本晴,2:54,PayPayドーム,2024-09-08,Sunday,2024-09-08,0.0,29.3,
2024,9月17日(火),38153,●,2 - 3,日本ハム,スチュワート・ジュニア,3:27,PayPayドーム,2024-09-17,Tuesday,2024-09-17,0.0,30.5,
2024,9月18日(水),40035,●,0 - 3,日本ハム,大関,2:57,PayPayドーム,2024-09-18,Wednesday,2024-09-18,0.0,31.2,
2024,9月20日(金),39345,○,4 - 0,オリックス,有原,2:37,みずほPayPay,2024-09-20,Friday,2024-09-20,0.0,31.7,
2024,9月21日(土),40142,○,3 - 2,楽天,モイネロ,2:51,PayPayドーム,2024-09-21,Saturday,2024-09-21,23.5,29.6,
2024,9月22日(日),40142,○,11 - 5,楽天,大津,3:33,PayPayドーム,2024-09-22,Sunday,2024-09-22,56.5,26.1,
2024,9月25日(水),38235,○,2 - 0,西武,スチュワート・ジュニア,2:41,PayPayドーム,2024-09-25,Wednesday,2024-09-25,0.0,26.3,
2024,9月26日(木),33333,●,2 - 4,西武,有原,3:21,PayPayドーム,2024-09-26,Thursday,2024-09-26,0.0,27.1,
2024,9月30日(月),34132,○,1 - 0,オリックス,モイネロ,2:35,PayPayドーム,2024-09-30,Monday,2024-09-30,0.0,26.3,
2024,10月1日(火),35002,○,8 - 6,オリックス,前田悠,3:09,PayPayドーム,2024-10-01,Tuesday,2024-10-01,0.0,26.4,
2024,10月3日(木),36777,○,4 - 2,楽天,有原,2:52,PayPayドーム,2024-10-03,Thursday,2024-10-03,4.0,20.8,
2024,10月4日(金),39590,○,1 - 0,ロッテ,大津,2:34,PayPayドーム,2024-10-04,Friday,2024-10-04,1.5,22.3,
